,Exact counterpart ,(),1254,ddənya,1255,6,48159
,Super-counterpart ,(),1255,ŧammua’ŧ,1256,401,48979
,Super-counterpart ,(),1256,šař,1257,796,48745
,Exact counterpart ,(),1257,ŧaʕəžžašŧ,1258,1191,49059
,Exact counterpart ,(),1258,ŧaɣəbbā’ŧ,1259,1191,48945
,Exact counterpart ,(),1259,aƀəǧǧaʕ,1260,1586,47791
,Exact counterpart ,(),1260,ižđi,1261,1981,48366
,Sub-counterpart ,(),1261,ađrā,1262,2376,47827
,Sub-counterpart ,(),1262,ađmā,1263,2376,47826
,Exact counterpart ,(),1263,žžā’f,1264,2771,49256
,Exact counterpart ,(),1264,addā,1265,2771,47806
,Exact counterpart ,(),1265,řgəʕđəŧ,1266,3166,48648
,Exact counterpart ,(),1266,řəwđ’a,1267,3166,48633
,Exact counterpart ,(),1267,ŧizi,1268,3561,49111
,Exact counterpart ,(),1268,ŧayəzzāŧ,1269,3956,49036
,Exact counterpart ,(),1269,lǧazira,1270,3956,48406
,Exact counterpart ,(),1270,řƀā’,1271,4351,48591
,Super-counterpart ,(),1271,ŧma,1272,4746,49116
,Exact counterpart ,(),1272,ifri,1273,5141,48325
,Exact counterpart ,(),1273,aman,1274,5536,47886
,Super-counterpart ,(),1274,řəƀħā,1275,5931,48604
,Super-counterpart ,(řəƀħā yāssa “the sea is calm”),1275,ās,1276,6326,47985
,Super-counterpart ,(řəƀħā ihwəř ‘the sea is rough’),1276,hwəř,1277,6721,48283
,Super-counterpart ,(řəƀħā ihaž “the sea is ”rough),1277,haž,1278,6721,48278
,Exact counterpart ,(),1278,kuffu,1279,7116,48388
,Super-counterpart ,(),1279,řəƀħā,1280,7511,48604
,Para-counterpart ,(),1280,ařimam,1281,7906,47964
,Super-counterpart ,(),1281,ŧanda,1282,7906,48985
,Exact counterpart ,(),1282,řmužžəŧ,1283,9881,48686
,Exact counterpart ,(),1283,iɣzā,1284,11461,48331
,Exact counterpart ,(),1284,ŧasrafŧ,1285,11856,49017
,Para-counterpart ,(),1285,ŧařa,1286,12251,49004
,Sub-counterpart ,(),1286,anu,1287,12251,47933
,Sub-counterpart ,(),1287,řʕuns’ā,1288,12251,48715
,Exact counterpart ,(ttšāšuan waman ‘the water goed down as a waterfall’),1288,šāšā,1289,13041,48751
,Exact counterpart ,(),1289,řɣaƀəŧ,1290,13436,48651
,Super-counterpart ,(),1290,ddəmnəŧ,1291,564066,48157
,Super-counterpart ,(),1291,ŧafřəwŧ,1292,13831,48941
,Exact counterpart ,(),1292,az’r’u,1293,14226,48065
,Exact counterpart ,(),1293,zzinzal,1294,14621,49274
,Para-counterpart ,(ŧənhəzz ŧmua’ŧ ‘the earth is shaken’),1294,nhəzz,1295,14621,48513
,Super-counterpart ,(),1295,ažənna,1296,15016,48073
,Exact counterpart ,(),1296,ŧfušŧ,1297,15411,49067
,Sub-counterpart ,(),1297,yua,1298,15806,49225
,Sub-counterpart ,(),1298,ŧaziri,1299,15806,48478
,Exact counterpart ,(),1299,iŧri,1300,16201,48360
,Super-counterpart ,(),1300,assam,1301,16596,48018
,Super-counterpart ,(),1301,řəƀr’uq,1302,16596,48605
,Exact counterpart ,(),1302,ažžaž,1303,16991,48089
,Super-counterpart ,(),1303,assam,1304,17386,48018
,Super-counterpart ,(),1304,řəƀr’uq,1305,17386,48605
,Exact counterpart ,(),1305,ŧasřiŧ n wənz’ā,1306,18176,49019
,Exact counterpart ,(),1306,ŧfawŧ,1307,18571,49065
,Exact counterpart ,(),1307,t’t’řam,1308,18966,48892
,Exact counterpart ,(less usual than t’t’řam),1308,ŧaǧǧəsŧ,1309,18966,48943
,Exact counterpart ,(),1309,ŧiři,1310,19361,49093
,Exact counterpart ,(),1310,nnđa,1311,19756,48524
,Exact counterpart ,(),1311,lhawa,1312,20151,48407
,Super-counterpart ,(),1312,asəmmiđ’,1313,20546,47999
,Sub-counterpart ,(),1313,arriħ,1314,20546,47977
,Exact counterpart ,(),1314,asiynu,1315,20941,48010
,Sub-counterpart ,(),1315,ŧažnawŧ,1316,20941,49052
,Exact counterpart ,(),1316,řəɣmam,1317,20941,48611
,Exact counterpart ,(),1317,ŧayyuŧ,1318,21336,49039
,Exact counterpart ,(),1318,anz’ā,1319,21731,47935
,Exact counterpart ,(),1319,ađfəř,1320,22126,47824
,Exact counterpart ,(),1320,ažris,1321,22521,48082
,Exact counterpart ,(),1321,žməđ,1322,576706,49253
,Exact counterpart ,(),1322,žās,1323,576706,49240
,Super-counterpart ,(),1323,řħař,1324,22916,48655
,Super-counterpart ,(),1324,ŧiməssi,1325,23311,49086
,Exact counterpart ,(),1325,aħəddiq,1326,23706,47870
,Exact counterpart ,(),1326,ddəxxan,1327,24101,48160
,Exact counterpart ,(),1327,ššyađ’,1328,564461,48861
,Exact counterpart ,(),1328,iɣɣəđ,1329,24496,48330
,Exact counterpart ,(),1329,ŧiažətt,1330,24891,49073
,Exact counterpart ,(),1330,ssħā’q,1331,25286,48833
,Exact counterpart ,(),1331,ssšməđ’,1332,25286,48852
,Exact counterpart ,(),1332,ħā’q,1333,25681,48285
,Exact counterpart ,(),1333,šməđ’,1334,25681,48775
,Exact counterpart ,(),1334,ssiɣ,1335,26076,48840
,Exact counterpart ,(),1335,ssəxsi,1336,26471,48823
,Exact counterpart ,(),1336,ššʕəř,1337,26866,48863
,Exact counterpart ,(),1337,z’alamit’,1338,26866,49229
,Exact counterpart ,(),1338,ašəħřuf,1339,27261,47996
,Exact counterpart ,(),1339,řəfħəm,1340,27656,48607
,Exact counterpart ,(),1340,řfaxā,1341,27656,48642
,Exact counterpart ,(),1341,ƀnađəm,1342,28051,48135
,Super-counterpart ,(),1342,āyaz,1343,28446,48044
,Exact counterpart ,(),1343,aŧarras,1344,28446,48023
,Super-counterpart ,(),1344,ŧamɣā’ŧ,1345,28841,48977
,Super-counterpart ,(),1345,ŧamət’t’uŧ,1346,28841,48975
,"Exact counterpart ,(Words such as ‘’boy” and “girl” tend to be taboo words ,(probably in order to prevent jinnees from interfering with the children). These often have expressive sound formations, such as the substitution or addition of a phoneme by ħ. Often such word have Arabic roots ,(e.g. in other Riffian dialects aħāmuš ‘boy’, which contains the Arabic root ħrm ‘be forbidden’, often used in conotations of bastard children. It is difficult to establish an Arabic basis for aħənžia; one could think of Moroccan Arabic xənzir ‘pig’ with the well-attested expressive sound substitutions of a back consonant by ħ and of z by ž. This is however far from certain.)",1346,aħənžia,1347,30026,47871
,Exact counterpart ,(),1347,aħr’am,1348,30026,47875
,Sub-counterpart ,(the original meaning is ‘guest’),1348,aniyƀu,1349,30026,47932
,Super-counterpart ,(see the comment on LWT 78 ‘boy’),1349,aħənžia,1350,30421,47871
,Super-counterpart ,(),1350,aħr’am,1351,30421,47875
,Para-counterpart ,(),1351,aʕəzri,1352,30421,48104
,Exact counterpart ,(see LWT 78 ‘boy’),1352,ŧaħənžiaŧ,1353,30816,48960
,Exact counterpart ,(),1353,ŧaħr’ant,1354,30816,48963
,Sub-counterpart ,(the original meaning is ‘guest’),1354,ŧaniyƀuŧ,1355,30816,48988
,Super-counterpart ,(see comments on LWT 78 ‘boy’),1355,ŧaħənžiaŧ,1356,31211,48960
,Super-counterpart ,(),1356,ŧaħr’ant,1357,31211,48963
,Para-counterpart ,(),1357,ŧaʕzāšŧ,1358,31211,49060
,Sub-counterpart ,(see comments on LWT 78 ‘boy’),1358,aħənžia,1359,31606,47871
,Exact counterpart ,(),1359,řƀəz’z’,1360,31606,48596
,Exact counterpart ,(),1360,řwašun,1361,31606,48704
,Exact counterpart ,(),1361,aħđ’iđ’,1362,32001,47869
,Exact counterpart ,(),1362,asiymi,1363,32001,48009
,Super-counterpart ,(),1363,āyaz,1364,32396,48044
,Super-counterpart ,(),1364,ŧamɣā’ŧ,1365,32791,48977
,Exact counterpart ,(),1365,mřəš,1366,33186,48487
,Super-counterpart ,(),1366,urā,1367,33581,49164
,Exact counterpart ,(),1367,uřuf,1368,33976,49165
,Exact counterpart ,(),1368,t’t’alaq,1369,33976,48883
,Exact counterpart ,(),1369,ƀaƀa,1370,34371,48115
,Exact counterpart ,(),1370,yəmma,1371,34766,49221
,Exact counterpart ,(),1371,lwaliđin,1372,35161,48432
,Exact counterpart ,(),1372,mmi,1373,36346,48477
,Exact counterpart ,(),1373,yəǧǧi,1374,36741,49215
,Super-counterpart ,(see LWT 78 “boy”.),1374,aħənžia,1375,37531,47871
,Exact counterpart ,(),1375,uma,1376,37926,49160
,Exact counterpart ,(),1376,uma aməqqr’an,1377,38321,49161
,Super-counterpart ,(),1377,ʕzizi,1378,38321,49306
,Exact counterpart ,(),1378,uma aməz’z’yan,1379,38716,49162
,Exact counterpart ,(),1379,učma,1380,39111,48987
,Exact counterpart ,(),1380,učma ŧaməqqr’ant,1381,39506,49154
,Exact counterpart ,(),1381,učma ŧaməz’z’yant,1382,39901,49155
,Exact counterpart ,(),1382,awmaŧən,1383,40296,48031
,Exact counterpart ,(),1383,ašniw,1384,40691,48012
,Exact counterpart ,(),1384,žəddi,1385,41086,49246
,Exact counterpart ,(),1385,awəssā,1386,41481,48028
,Exact counterpart ,(),1386,ħənna,1387,41876,48300
,Exact counterpart ,(),1387,ŧawəssāŧ,1388,42271,49024
,Super-counterpart ,(),1388,řəžđuđ,1389,565646,48638
,Super-counterpart ,(),1389,ayyaw,1390,42666,48057
,Super-counterpart ,(),1390,ŧayyawŧ,1391,43061,49038
,Super-counterpart ,(),1391,ayyawən,1392,566041,48058
,Exact counterpart ,(),1392,xaři,1393,43851,49196
,Exact counterpart ,(),1393,ʕzizi,1394,44246,49306
,Exact counterpart ,(),1394,xači,1395,45036,49195
,Exact counterpart ,(),1395,ʕənti,1396,45431,49294
,Sub-counterpart ,(),1396,mmis n uma,1397,45826,48479
,Para-counterpart ,(),1397,ayyaw,1398,45826,48057
,Sub-counterpart ,(),1398,yəǧǧi-s n uma,1399,46221,49216
,Para-counterpart ,(),1399,ŧayyawŧ,1400,46221,49038
,Sub-counterpart ,(),1400,mmis n xaři,1401,46616,48481
,Para-counterpart ,(),1401,ŧayyawŧ,1402,46616,49038
,Sub-counterpart ,(),1402,mmis n ʕzizi,1403,46616,48482
,Sub-counterpart ,(),1403,mmis n xači,1404,46616,48480
,Sub-counterpart ,(),1404,yəǧǧis n xači,1405,46616,49218
,Sub-counterpart ,(),1405,yəǧǧis n ʕzizi,1406,46616,49220
,Para-counterpart ,(),1406,ayyaw,1407,46616,48057
,Sub-counterpart ,(),1407,yəǧǧis n xaři,1408,46616,49219
,Super-counterpart ,(),1408,řəžđuđ,1409,47011,48638
,Super-counterpart ,(),1409,ŧā’wa,1410,47406,48923
,Super-counterpart ,(),1410,ađ’əggwař,1411,47801,47814
,Super-counterpart ,(),1411,amɣā,1412,48196,47912
,Super-counterpart ,(),1412,ŧađ’əggwač,1413,48591,48934
,Super-counterpart ,(),1413,lalla,1414,48986,48395
,"Super-counterpart ,(regular plural of LWT 2, 61)",1414,iđ’əwřan,1415,566831,48320
,Super-counterpart ,(),1415,ađ’əggwař,1416,49381,47814
,Super-counterpart ,(),1416,ađ’əggwař,1417,49776,47814
,Super-counterpart ,(),1417,ŧasřiŧ,1418,50171,48444
,Super-counterpart ,(),1418,ŧasřiŧ,1419,50566,48444
,Para-counterpart ,(),1419,ađ’əggwař,1420,567621,47814
,Sub-counterpart ,(),1420,ařwəs,1421,567621,47983
,Para-counterpart ,(),1421,ŧađ’əggwač,1422,567621,48934
,Sub-counterpart ,(),1422,ŧanut’,1423,567621,48989
,Sub-counterpart ,(),1423,ŧařwəsŧ,1424,567621,49007
,Sub-counterpart ,(),1424,asřif,1425,567621,48016
,Sub-counterpart ,(),1425,ŧasřifŧ,1426,567621,49018
,Super-counterpart ,(),1426,ŧašna,1427,51356,49016
,Exact counterpart ,(),1427,āƀiƀ,1428,51751,47798
,Exact counterpart ,(),1428,ŧāƀifŧ,1429,52146,48925
,Exact counterpart ,(),1429,ayužiř,1430,52541,48056
,Exact counterpart ,(),1430,tažžač,1431,52936,48900
,Exact counterpart ,(),1431,ažžař,1432,53331,48088
,Super-counterpart ,(),1432,familya,1433,53726,48202
,Super-counterpart ,(),1433,familya,1434,54121,48202
,Exact counterpart ,(),1434,nəšš,1435,54516,48508
,Sub-counterpart ,(),1435,šəkk,1436,54911,48759
,Sub-counterpart ,(),1436,šəmm ,(1),1437,54911,48762
,Exact counterpart ,(),1437,nətta,1438,568016,44965
,Exact counterpart ,(),1438,nəttaŧ,1439,568411,45066
,Exact counterpart ,(),1439,nəššin,1440,55701,48509
,Sub-counterpart ,(),1440,kənniw,1441,56886,48381
,Sub-counterpart ,(),1441,kənnint,1442,56886,48380
,Sub-counterpart ,(),1442,nihni,1443,57281,48519
,Sub-counterpart ,(),1443,nihənti,1444,57281,48518
,Exact counterpart ,(),1444,lħayawan,1445,57676,48409
,Exact counterpart ,(),1445,awŧəm,1446,58071,48033
,Exact counterpart ,(),1446,ŧawŧənt,1447,58466,49026
,Exact counterpart ,(),1447,řmař,1448,58861,48671
,Exact counterpart ,(aniči goes back to a metathesised form of ařinti),1448,"aniči, ařinti",1449,59651,47931
,Exact counterpart ,(),1449,řkuri,1450,60046,48666
,Exact counterpart ,(archaic word),1450,anwař,1451,60046,47934
,Super-counterpart ,(),1451,afunas,1452,60836,47839
,Sub-counterpart ,(),1452,ayənduz,1453,60836,48049
,Exact counterpart ,(),1453,t’ur’u,1454,60836,48897
,Sub-counterpart ,(),1454,ayənduz,1455,61231,48049
,Exact counterpart ,(),1455,ŧafunasŧ,1456,61626,48942
,Exact counterpart ,(),1456,aʕəžmi,1457,62021,48103
,Exact counterpart ,(),1457,iħuřiyən,1458,62416,48332
,Exact counterpart ,(),1458,išarri,1459,62811,48351
,Exact counterpart ,(),1459,aħuři,1460,62811,47877
,Exact counterpart ,(),1460,ŧixsi,1461,63206,49105
,Exact counterpart ,(),1461,izmā,1462,63601,48369
,Super-counterpart ,(),1462,iřəf,1463,63996,48346
,Exact counterpart ,(),1463,ŧiřəfŧ,1464,64391,49092
,Exact counterpart ,(),1464,iřəf,1465,64786,48346
,Exact counterpart ,(),1465,ŧɣat’t’,1466,65181,49070
,Sub-counterpart ,(),1466,aʕəŧrus,1467,65181,48102
,Exact counterpart ,(),1467,amyan,1468,65576,47917
,Exact counterpart ,(),1468,iɣəyđ,1469,65971,48329
,Exact counterpart ,(),1469,yis,1470,66366,49222
,Super-counterpart ,(),1470,akiđā,1471,66366,47881
,Super-counterpart ,(),1471,akiđā’,1472,66761,47882
,Exact counterpart ,(),1472,ŧakiđāŧ,1473,67156,48967
,Exact counterpart ,(),1473,řʕawđa,1474,67156,48713
,Exact counterpart ,(),1474,afā’xan,1475,67551,47831
,Exact counterpart ,(),1475,ažʕuđ,1476,67551,48092
,Exact counterpart ,(),1476,aɣyuř,1477,67946,47863
,Exact counterpart ,(),1477,asāđun,1478,68341,47989
,Exact counterpart ,(),1478,yaz’iđ’,1479,69131,49213
,Super-counterpart ,(),1479,ŧyaz’it’,1480,69526,49144
,Super-counterpart ,(),1480,ŧyaz’it’,1481,69921,49144
,Exact counterpart ,(),1481,aƀākiw,1482,70316,47788
,Exact counterpart ,(),1482,ŧyaz’it’ n waman,1483,70711,49145
,Exact counterpart ,(),1483,ŧpaƀut,1484,70711,49123
,Exact counterpart ,(),1484,řʕušš,1485,71106,48716
,Exact counterpart ,(),1485,ažđ’iđ’,1486,71501,48068
,Exact counterpart ,(),1486,ɣaƀyut’a,1487,71896,48259
,Para-counterpart ,(The exact type of bird of prey is not clear.),1487,fāšu,1488,72686,48208
,Exact counterpart ,(),1488,ažiđā,1489,72686,48077
,Para-counterpart ,(),1489,ŧmadda,1490,72686,49117
,Super-counterpart ,(),1490,řƀaz,1491,73081,48594
,Exact counterpart ,(),1491,asiwan,1492,73081,48008
,Exact counterpart ,(),1492,řwəđ’wađ’,1493,73871,48706
,Exact counterpart ,(),1493,ƀaƀaɣayyu,1494,74266,48116
,Exact counterpart ,(),1494,ƀaɣəř,1495,74661,48118
,Exact counterpart ,(),1495,ađƀia,1496,75056,47820
,Exact counterpart ,(),1496,muka,1497,75451,48491
,Exact counterpart ,(),1497,ayđi,1498,75846,48046
,"Exact counterpart ,(The word has undergone expressive substitution of g by q, cf. elsewhere agzin.)",1498,aqzin,1499,75846,47955
,Sub-counterpart ,(),1499,ahəggā,1500,75846,47865
,Exact counterpart ,(),1500,aqninni,1501,76241,47949
,Exact counterpart ,(),1501,muš’š’,1502,76636,48495
,Sub-counterpart ,(),1502,aɣāđa,1503,77426,47848
,Sub-counterpart ,(),1503,t’uppa,1504,77426,48896
,Exact counterpart ,(),1504,asřəm,1505,77821,48015
,Super-counterpart ,(),1505,aqšua,1506,78611,47951
,Super-counterpart ,(),1506,aʕƀan,1507,78611,48094
,Super-counterpart ,(),1507,iməžžāžā,1508,79006,48338
,Exact counterpart ,(),1508,ažɣuř,1509,79401,48076
,Exact counterpart ,(),1509,řqiřš,1510,79796,48698
,Exact counterpart ,(),1510,ddənfiř,1511,37136,48158
,Exact counterpart ,(),1511,ƀayana,1512,80191,48125
,Exact counterpart ,(),1512,ŧazřənt,1513,80981,49053
,Sub-counterpart ,(),1513,uššən,1514,81376,49166
,Exact counterpart ,(),1514,ayrađ,1515,81771,48055
,Exact counterpart ,(),1515,ddubb,1516,82166,48166
,Exact counterpart ,(),1516,išʕəƀ,1517,82561,48359
,Exact counterpart ,(),1517,řqāđ,1518,83351,48688
,Exact counterpart ,(),1518,lfil,1519,83746,48404
,Exact counterpart ,(),1519,ařɣəm,1520,84141,47961
,Exact counterpart ,(),1520,aƀəʕʕuš,1521,84536,47797
,Exact counterpart ,(),1521,ŧiššəšŧ,1522,84931,49101
,Exact counterpart ,(),1522,infā,1523,554586,48342
,Exact counterpart ,(),1523,iwət’t’đ’ən,1524,85326,48362
,Exact counterpart ,(),1524,šuađu,1525,85721,48867
,Exact counterpart ,(),1525,ŧamšət’t’ n yiɣəss,1526,86116,48982
,Exact counterpart ,(),1526,ŧɣāđənt,1527,86511,49068
,Exact counterpart ,(),1527,sr’aqəzzit,1528,86906,48782
,Exact counterpart ,(),1528,ŧikəđ’fət’,1529,87301,49084
,Sub-counterpart ,(),1529,nnməř,1530,87301,48532
,Exact counterpart ,(),1530,qundʕa,1531,87696,48583
,Sub-counterpart ,(),1531,ƀunif,1532,87696,48140
,Sub-counterpart ,(),1532,arrŧiřa,1533,87696,47981
,Exact counterpart ,(),1533,axmā’,1534,88091,48041
,Exact counterpart ,(),1534,ŧizizwa,1535,88486,49113
,Sub-counterpart ,(),1535,ŧaɣr’as’ŧ,1536,89276,48953
,Exact counterpart ,(),1536,iaz’z’a,1537,89671,48317
,Exact counterpart ,(),1537,izi,1538,90066,48367
,Exact counterpart ,(),1538,ŧiziŧ,1539,90461,49112
,Exact counterpart ,(),1539,nnamus,1540,90856,48522
,Exact counterpart ,(),1540,ɣamba,1541,557746,48261
,Exact counterpart ,(),1541,ŧikəđ’fət’ ŧaruməšŧ,1542,558141,49085
,Exact counterpart ,(),1542,ađan n tmuaŧ,1543,91251,47819
,Exact counterpart ,(),1543,fiɣā’,1544,91646,48221
,Sub-counterpart ,(),1544,ŧařəfsa,1545,91646,49005
,Sub-counterpart ,(),1545,ƀusəkka,1546,91646,48144
,Exact counterpart ,(),1546,ayāz’iz’,1547,547476,48045
,Exact counterpart ,(),1547,ŧižāšřəšŧ,1548,547871,49110
,Exact counterpart ,(),1548,kangaru,1549,559326,48371
,Exact counterpart ,(),1549,ŧaŧa,1550,562091,49022
,Para-counterpart ,(),1550,afāt’t’u,1551,92436,47833
,Exact counterpart ,(),1551,ŧaħžižat,1552,92436,48966
,Exact counterpart ,(),1552,ŧmua’ɣi,1553,92831,49121
,Sub-counterpart ,(),1554,bua’xs,1555,92831,48114
,Sub-counterpart ,(),1555,ƀuššəř,1556,93226,48145
,Sub-counterpart ,(),1556,aɣřař,1557,93226,47859
,Exact counterpart ,(),1557,ŧqā’qr’a,1558,93621,49124
,Sub-counterpart ,(),1558,aħāmšā,1559,94016,47868
,Sub-counterpart ,(),1559,ŧazəřmumməšŧ,1560,94016,49049
,Exact counterpart ,(),1560,ttimsaħ,1561,94411,48914
,Exact counterpart ,(),1561,išfā,1562,94806,48353
,Exact counterpart ,(),1562,arriməŧ,1563,95201,47979
,Exact counterpart ,(),1563,ddat,1564,95201,48154
,Exact counterpart ,(),1564,ŧiřməšŧ,1565,95596,49094
,Super-counterpart ,(),1567,açsum,1568,95991,47805
,Exact counterpart ,(),1568,ašəwwaf,1569,96386,48005
,Exact counterpart ,(),1569,z’ət’t’u,1570,96386,49232
,"Exact counterpart ,(Expressive formation on the basis of Pan-Berber tmart ‘’beard’,)",1570,aʕəšmia,1571,96781,48099
,Exact counterpart ,(),1571,ŧmāŧ,1572,96781,49118
,Super-counterpart ,(),1572,ššʕā,1573,97176,48862
,Exact counterpart ,(),1573,izaggwən,1574,97571,48365
,Sub-counterpart ,(),1574,ŧaqšuaŧ,1575,97966,49000
,Exact counterpart ,(),1575,iđammən,1576,98361,48321
,Super-counterpart ,(),1576,az’wā,1577,98756,48066
,Exact counterpart ,(),1577,iɣəss,1578,99151,48328
,Exact counterpart ,(),1578,ŧaɣəzđisŧ,1579,99546,48949
,Exact counterpart ,(),1579,išš,1580,99941,48356
,Exact counterpart ,(),1580,ŧanəwwāŧ,1581,100336,48958
,Exact counterpart ,(),1581,ŧaz’ənt’it’,1582,100336,49042
,Exact counterpart ,(),1582,akənnas,1583,100336,47880
,Exact counterpart ,(Expressive formation on the basis of Pan-Berber arur,(i) ‘back’),1583,aʕrua,1584,100731,48106
,Super-counterpart ,(),1584,ssənsřəŧ,1585,101126,48815
,Exact counterpart ,(),1585,azəǧǧif,1586,101521,48070
,Exact counterpart ,(),1586,aqəyyua,1587,101521,47947
,Exact counterpart ,(),1587,ŧaqəšqašŧ,1588,102311,48996
,Exact counterpart ,(),1588,aǧǧi,1589,102706,47844
,Exact counterpart ,(),1589,aməřɣiɣ,1590,102706,47900
,Exact counterpart ,(),1590,řmuxx,1591,102706,48684
,Exact counterpart ,(),1591,uđəm,1592,103101,49156
,Exact counterpart ,(),1592,aɣəmbuƀ,1593,103101,42722
,Sub-counterpart ,(),1593,aɣənzua,1594,103101,47853
,Exact counterpart ,(),1594,s’s’ifəŧ,1595,103101,48733
,Exact counterpart ,(),1595,ŧanyiaŧ,1596,103496,48992
,"Exact counterpart ,(originally a compound, but no more analysable as such in the language.)",1596,aɣəsmia,1597,103891,47854
,Exact counterpart ,(),1597,agəmmiz,1598,104286,47842
,Exact counterpart ,(),1598,ŧaɣəsmiaŧ,1599,104681,48948
,Super-counterpart ,(),1599,ŧit’t’,1600,105076,49103
,Exact counterpart ,(),1600,ŧimmi,1601,105471,49087
,Exact counterpart ,(),1601,aʕrua n tit’t’,1602,105866,48107
,Exact counterpart ,(),1602,aƀəř,1603,106261,47795
,Exact counterpart ,(),1603,ɣməz,1604,106656,48273
,Exact counterpart ,(),1604,aməz’z’uɣ,1605,107051,47907
,Exact counterpart ,(),1605,aməžžun,1606,107051,47910
,Exact counterpart ,(),1606,ŧaħr’us’ŧ ,(n) uməžžun ?,1607,107446,48964
,Super-counterpart ,(),1607,ŧinzā,1608,108236,49089
,Super-counterpart ,(),1608,ŧinzā,1609,108631,49089
,Exact counterpart ,(),1609,aqənnin,1610,109026,47945
,Exact counterpart ,(),1610,axřuř,1611,109026,48042
,Exact counterpart ,(probably an expressive formation on the basis of Proto-Berber imi  ‘mouth’),1611,aqəmmum,1612,109421,47944
,Exact counterpart ,(),1612,ašənquƀ,1613,109816,48001
,Exact counterpart ,(),1613,ayənšiš,1614,110211,48050
,Exact counterpart ,(),1614,anfif,1615,110211,47930
,Exact counterpart ,(),1615,iřəs,1616,110606,48347
,Exact counterpart ,(),1616,ŧiɣməsŧ,1617,111001,49083
,Exact counterpart ,(),1617,anəɣ,1618,111396,47926
,Super-counterpart ,(),1618,ŧasiaŧ,1619,111791,49015
,Exact counterpart ,(),1619,iri,1620,112186,48348
,Sub-counterpart ,(),1620,ižiman,1621,112581,48368
,Super-counterpart ,(),1621,ŧmižža,1622,112976,49120
,Exact counterpart ,(),1622,ŧaɣrut’t’,1623,113371,48954
,"Para-counterpart ,(A specialized plural of ɣiř ‘arm’, which itself has now the more regular plural iɣiřən.)",1623,iɣaǧǧən,1624,113766,48327
,Super-counterpart ,(),1624,ɣiř,1625,114556,48271
,Super-counterpart ,(),1625,fus,1626,114556,48232
,Exact counterpart ,(),1626,ŧaddəxŧ,1627,114951,48932
,Exact counterpart ,(),1627,ŧaɣmā’ŧ ,(n) uɣiř,1628,115346,48952
,Super-counterpart ,(),1628,fus,1629,116136,48232
,Exact counterpart ,(),1629,ŧařəqqa ,(n) ufus,1630,116531,49006
,Exact counterpart ,(),1630,ŧisi ,(n) ufus,1631,116531,49097
,Exact counterpart ,(),1631,đ’ađ’,1632,116926,48172
,Exact counterpart ,(),1632,iməz,1633,117321,48336
,Super-counterpart ,(),1633,iššā,1634,117716,48357
,Super-counterpart ,(),1634,đ’ā ,(1),1635,118506,48170
,Super-counterpart ,(pl. of fuđ ‘knee’.),1635,ifaddən,1636,118901,48324
,Exact counterpart ,(),1636,ŧar’r’əmmant ,(n) uđ’ā,1637,119296,49002
,Super-counterpart ,(),1637,fuđ,1638,119691,48229
,Super-counterpart ,(),1638,đ’ā ,(1),1639,120086,48170
,Exact counterpart ,(),1639,ŧašʕəfŧ,1640,120481,49020
,Exact counterpart ,(),1640,niaz,1641,120876,48516
,Super-counterpart ,(),1641,řimāŧ,1642,121271,48662
,Exact counterpart ,(),1642,ŧifđənt,1643,121666,49076
,Exact counterpart ,(),1643,afriw,1644,122061,47838
,Exact counterpart ,(),1644,arriš,1645,122456,47980
,Exact counterpart ,(),1645,afā,1646,122456,47830
,Exact counterpart ,(),1646,iđmān,1647,122851,48323
,Exact counterpart ,(),1647,žžuf,1648,122851,49277
,Exact counterpart ,(),1648,ibbəš,1649,123246,48318
,Exact counterpart ,(),1649,ŧinɣi,1650,124036,49088
,Exact counterpart ,(Expressive formation  on a well=-attested Berber root BD’ ‘navel’.),1650,ŧaʕəbbut’,1651,124431,49057
,Exact counterpart ,(Expressive formation based on Pan-Berber tadist ‘belly’.),1651,aʕəddis,1652,575916,48095
,Exact counterpart ,(),1652,uř,1653,124826,49163
,Exact counterpart ,(),1653,ŧar’uŧ,1654,125221,49003
,Exact counterpart ,(),1654,ŧsa,1655,125616,49134
,Exact counterpart ,(),1655,ŧiz’z’əč,1656,126011,49109
,Exact counterpart ,(),1656,ināfəđ’,1657,126406,48341
,Exact counterpart ,(),1657,st’umaɣu,1658,126801,48864
,Exact counterpart ,(),1658,lmaʕədda,1659,126801,48425
,Exact counterpart ,(),1659,ađan,1660,127196,47818
,Sub-counterpart ,(),1660,ƀururu,1661,127196,48143
,Exact counterpart ,(Expressive formation based on Pan-Berber tadist ‘belly’),1661,ŧaʕəddisŧ,1662,127591,49058
,Exact counterpart ,(),1662,ŧaməssat’t’,1663,127986,48974
,Exact counterpart ,(),1663,ŧadiyniŧ,1664,128381,48933
,Exact counterpart ,(),1664,ažəʕƀuƀ,1665,128381,48074
,Exact counterpart ,(),1665,qunniđ’,1666,128381,48584
,Exact counterpart ,(EA užuffiđ’),1666,žuffiđ’,1667,128381,49255
,Super-counterpart ,(),1667,az’wā,1668,552216,48066
,Exact counterpart ,(),1668,lwəlda,1669,128776,48434
,Exact counterpart ,(),1669,řəmruraŧ,1670,128776,48625
,Super-counterpart ,(),1670,iməǧǧařən,1671,129171,48333
,"Exact counterpart ,(probably an expressive substitution based on iməǧǧařən. After this, a ‘classical’ form of the word was achieved by inserting l’s.)",1671,ŧiqəllalin,1672,129171,49091
,Super-counterpart ,(probably an expressive substitution based on iməǧǧařən.),1672,aqəǧǧař,1673,129171,47942
,Exact counterpart ,(),1673,aƀřuř,1674,129566,47800
,Exact counterpart ,(),1674,amənyā,1675,129566,47897
,Exact counterpart ,(),1675,aqəllaw,1676,129566,47943
,Exact counterpart ,(),1676,aƀəššun,1677,545501,47796
,Exact counterpart ,(probably a derivation from aƀəššun through expressive substitution.),1677,aħəššun,1678,545501,47873
,Sub-counterpart ,(),1678,ŧaqənzisŧ,1679,554981,48995
,Para-counterpart ,(),1679,inšišən,1680,554981,48344
,Exact counterpart ,(),1680,arr nnəfs,1681,129961,47969
,Exact counterpart ,(),1681,nndfa,1682,130356,48523
,Exact counterpart ,(đayi ŧiɣɣəs’ŧ ‘I hiccough’,(lit. ‘in me is hiccough’)),1682,ŧiɣɣəs’ŧ,1683,130751,49081
,Exact counterpart ,(),1683,usu,1684,131146,49167
,Exact counterpart ,(),1684,ʕđ’əs,1685,131541,49290
,Exact counterpart ,(),1685,ns’əđ’,1686,131541,48537
,Exact counterpart ,(),1686,ddəđ,1687,131936,48156
,Exact counterpart ,(),1687,ssusəf,1688,132331,48858
,Exact counterpart ,(),1688,ʕuqq,1689,132726,49305
,Super-counterpart ,(),1689,arr,1690,132726,47967
,Exact counterpart ,(),1690,ns’əř,1691,132726,48538
,Exact counterpart ,(),1691,zʕəf,1692,133121,49279
,Exact counterpart ,(),1692,mmā’məš,1693,133121,48474
,Exact counterpart ,(),1693,řsəħ,1694,133516,48699
,Exact counterpart ,(),1694,sřiyzəz,1695,133911,48785
,Exact counterpart ,(),1695,sřuddi,1696,133911,48786
,Exact counterpart ,(),1696,t’t’əs,1697,134306,48890
,Exact counterpart ,(),1697,šxā’,1698,134701,48873
,Exact counterpart ,(),1698,ššuxřəđ’,1699,134701,48859
,Exact counterpart ,(),1699,uaža,1700,135096,49153
,Exact counterpart ,(),1700,faq,1701,135491,48204
,Sub-counterpart ,(),1701,z’āđ’,1702,135886,49228
,Sub-counterpart ,(),1702,kəff,1703,135886,48377
,Exact counterpart ,(),1703,ƀəšš,1704,136281,48131
,Exact counterpart ,(),1704,ƀāđ’,1705,136676,48117
,Exact counterpart ,(),1705,qqu,1706,137071,48577
,Exact counterpart ,(),1706,fħəř,1707,137071,48220
,Exact counterpart ,(),1707,āžiž,1708,137466,48081
,Super-counterpart ,(),1708,ssiađ,1709,137861,48837
,Super-counterpart ,(),1709,ar’u,1710,138256,47958
,Exact counterpart ,(),1710,xřəq,1711,138651,49207
,Super-counterpart ,(),1711,ŧəçsi aʕəddis,1712,139046,49063
,Super-counterpart ,(),1712,ŧəçsi aʕəddis,1713,139441,49063
,Exact counterpart ,(),1713,ddā,1714,139836,48151
,Exact counterpart ,(),1714,ŧuđāŧ,1715,569201,49141
,Exact counterpart ,(),1715,lħayat,1716,569201,48408
,Exact counterpart ,(),1716,mməŧ,1717,140231,48476
,Exact counterpart ,(),1717,nnur’i,1718,140231,48535
,Exact counterpart ,(),1718,aməttin,1719,574731,47905
,Exact counterpart ,(),1719,řməyyəŧ,1720,574731,48681
,Super-counterpart ,(),1720,ɣā’q,1721,140626,48257
,Super-counterpart ,(),1721,šš,1722,140626,48787
,Exact counterpart ,(),1722,nəɣ,1723,141021,48507
,Exact counterpart ,(),1723,řxəšƀəŧ,1724,141416,48710
,Sub-counterpart ,(),1724,amuađ’us,1725,569596,47915
,Exact counterpart ,(),1725,nd’əř,1726,141811,48501
,Exact counterpart ,(),1726,and’əř,1727,142206,47921
,Super-counterpart ,(),1727,žhəđ,1728,142601,49250
,Exact counterpart ,(),1728,qwa,1729,142601,48586
,Exact counterpart ,(),1729,đ’ʕəf,1730,142996,48181
,Exact counterpart ,(),1730,qđ’a,1731,142996,48564
,Exact counterpart ,(),1731,s’əħħ,1732,143391,48725
,Sub-counterpart ,(),1732,ssħuss,1733,143786,48836
,Exact counterpart ,(),1733,hřəš,1734,143786,48279
,Super-counterpart ,(),1734,ŧiməssi,1735,144181,49086
,Super-counterpart ,(),1735,asəmmiđ’,1736,144971,47999
,Exact counterpart ,(),1736,řəhřaš,1737,569991,48612
,Exact counterpart ,(),1737,ayəzzim,1738,145366,48053
,Exact counterpart ,(),1738,t’t’aƀəš,1739,145761,48879
,Exact counterpart ,(),1740,ŧuffət,1741,146156,49142
,Exact counterpart ,(),1741,ašmaz,1742,146551,48011
,Exact counterpart ,(),1742,šməz,1743,575126,48778
,Exact counterpart ,(),1743,ŧāffixŧ,1744,146946,48938
,Exact counterpart ,(),1744,axənza,1745,147341,48037
,Exact counterpart ,(),1745,řgiħħ,1746,147736,48649
,Super-counterpart ,(),1746,t’t’aƀəʕ,1747,148131,48880
,Exact counterpart ,(),1747,ssgənfa,1748,148526,48828
,Exact counterpart ,(),1748,ađ’ƀiƀ,1749,148921,47812
,Exact counterpart ,(),1749,ddwa,1750,149316,48167
,Exact counterpart ,(),1750,ssəmm,1751,149711,48812
,Exact counterpart ,(),1751,arrhaž,1752,149711,47976
,Exact counterpart ,(),1752,aħəř,1753,150106,47872
,Exact counterpart ,(),1753,āyyəħ,1754,150501,48059
,Exact counterpart ,(note the difference between the lexicalized form zz-yənfa ‘rest’ and the regular causiative ss-gənfa ‘cure’.),1754,zzyənfa,1755,150501,49278
,Exact counterpart ,(),1755,ʕgəz,1756,150896,49299
,Exact counterpart ,(),1756,aqəššā,1757,151291,47946
,Exact counterpart ,(),1757,qarrəm,1758,151686,48562
,Exact counterpart ,(),1758,ađəhšua,1759,152081,47822
,Exact counterpart ,(),1759,ađ’āđua,1760,152081,47809
,Exact counterpart ,(),1760,aynaw,1761,152476,48054
,Exact counterpart ,(),1761,az’iz’un,1762,152476,48064
,Exact counterpart ,(),1762,ađ’āɣař,1763,152871,47810
,Exact counterpart ,(),1763,s’šā,1764,153266,48735
,Exact counterpart ,(),1764,ɣəlla,1765,153266,48267
,Exact counterpart ,(),1765,aʕāyan,1766,153661,48093
,Super-counterpart ,(),1766,šš,1767,154056,48787
,Super-counterpart ,(),1767,mašša,1768,154451,48461
,Super-counterpart ,(),1768,lmakla,1769,154451,48422
,Super-counterpart ,(),1769,əŋw,1770,154846,48195
,Super-counterpart ,(),1771,aziyza,1772,155241,48080
,Super-counterpart ,(),1774,əŋw,1775,155636,48195
,Exact counterpart ,(),1775,xs’ā,1776,156426,49208
,Exact counterpart ,(),1776,su,1777,156821,48866
,Exact counterpart ,(),1777,ħřu,1778,156821,48309
,Exact counterpart ,(),1778,ǧǧaz’,1779,157216,48245
,Exact counterpart ,(),1779,ƀuhəyyuf,1780,157611,48137
,Exact counterpart ,(),1780,ffađ,1781,158006,48217
,Sub-counterpart ,(),1781,t’t’əđ’,1782,158401,48888
,Sub-counterpart ,(),1782,z’əmm,1783,158401,49230
,Exact counterpart ,(),1783,fəz’z’,1784,158796,48216
,Exact counterpart ,(),1784,s’s’əɣři,1785,159191,48731
,Exact counterpart ,(),1785,žəyyəf,1786,159586,49248
,Exact counterpart ,(),1786,ssəŋw,1787,159981,48818
,Exact counterpart ,(),1787,ŧāŧā,1788,160376,49023
,Exact counterpart ,(),1788,šnəf,1789,160771,48780
,Sub-counterpart ,(),1789,šwa,1790,160771,48869
,Sub-counterpart ,(),1790,qřa,1791,160771,48578
,Sub-counterpart ,(),1791,āf,1792,160771,47829
,Super-counterpart ,(),1792,ggw,1793,161166,48250
,Exact counterpart ,(),1793,afarran,1794,161561,47832
,Exact counterpart ,(),1794,ŧafqunt,1795,161561,48940
,Exact counterpart ,(),1795,māmit’a,1796,161956,48452
,Sub-counterpart ,(),1796,ŧasəçsuŧ,1797,161956,49013
,Sub-counterpart ,(),1797,ŧaɣəllašŧ,1798,162351,48946
,Exact counterpart ,(),1798,aməqraž,1799,162351,47899
,Sub-counterpart ,(),1799,řmaqřa,1800,162746,48670
,Sub-counterpart ,(),1800,řƀuaməŧ,1801,162746,48599
,Super-counterpart ,(),1801,t’t’əƀs’i,1802,163141,48887
,Sub-counterpart ,(),1802,ŧaz’əwđa,1803,163141,49044
,Super-counterpart ,(),1803,t’t’əƀs’i,1804,163536,48887
,Sub-counterpart ,(),1804,afənžař,1805,163931,47836
,Sub-counterpart ,(),1805,aqƀuš,1806,163931,47938
,Sub-counterpart ,(),1806,aɣarraf,1807,164326,47851
,Sub-counterpart ,(),1807,ŧaƀriqŧ,1808,164326,48928
,Exact counterpart ,(),1808,ŧkuppat,1809,164721,49114
,Exact counterpart ,(),1809,ŧat’əƀsəšŧ,1810,165116,49021
,Exact counterpart ,(),1810,ŧaɣənžašŧ,1811,165511,48947
,Exact counterpart ,(),1811,řmus,1812,165906,48683
,Exact counterpart ,(),1812,fuřšit’a,1813,166301,48231
,Exact counterpart ,(),1813,ǧǧəqqađ’,1814,166696,48247
,Super-counterpart ,(),1814,mašša,1815,167091,48461
,Super-counterpart ,(),1815,lmakla,1816,167091,48422
,Exact counterpart ,(),1816,āyyəq,1817,167486,48060
,Exact counterpart ,(),1817,aməšři,1818,167881,47902
,Exact counterpart ,(),1818,řəfđ’ua,1819,167881,48606
,Exact counterpart ,(),1819,amənsi,1820,168671,47896
,Exact counterpart ,(),1820,qəššā’,1821,169066,48570
,Exact counterpart ,(),1821,ssif ,(1),1822,169461,48838
,Exact counterpart ,(),1822,ɣā’ƀəř,1823,169461,48256
,Exact counterpart ,(),1823,nžā’,1824,169856,48539
,Exact counterpart ,(),1824,ħarrəš,1825,170251,48290
,Exact counterpart ,(),1825,aɣrum,1826,170646,47860
,Exact counterpart ,(),1826,āšŧi,1827,171041,48019
,Super-counterpart ,(),1827,ggw,1828,171436,48250
,Exact counterpart ,(),1828,ān,1829,171831,47920
,"Exact counterpart ,(Expressive substitution on the basis of the Berber root bry, which has the same meaning.)",1829,ħāy,1830,172226,48295
,Super-counterpart ,(),1830,ŧasiaŧ,1831,172621,49015
,Exact counterpart ,(),1831,iđiyđi,1832,173016,48322
,Exact counterpart ,(),1832,řƀua’qi,1833,173016,48598
,Exact counterpart ,(),1833,azđuz,1834,173411,43293
,Super-counterpart ,(),1834,açsum,1835,173806,47805
,Exact counterpart ,(),1835,s’us’iŧ,1836,174201,48737
,Sub-counterpart ,(),1836,ŧaħriaŧ,1837,174596,48965
,Sub-counterpart ,(),1837,s’uppa,1838,174596,48736
,Super-counterpart ,(),1838,řxuđ’āŧ,1839,174991,48711
,Sub-counterpart ,(),1839,ƀaw,1840,175386,48124
,Exact counterpart ,(),1840,ŧƀat’at’att,1841,175781,49061
,Super-counterpart ,(),1841,řxuđ’āŧ,1842,176176,48711
,Exact counterpart ,(),1842,ŧazāŧ,1843,176966,49047
,Sub-counterpart ,(),1843,qurrəʕ,1844,176966,48585
,Exact counterpart ,(),1844,ađ’iř,1845,177361,47816
,Sub-counterpart ,(),1845,zzƀiƀ,1846,177361,49261
,Sub-counterpart ,(),1846,aɣyay,1847,177756,47862
,Sub-counterpart ,(),1847,ŧaɣyašŧ,1848,177756,48955
,Exact counterpart ,(),1848,ŧazitunt,1849,178151,49051
,Exact counterpart ,(),1849,zzəšŧ,1850,178546,49270
,Exact counterpart ,(),1850,ŧađunt,1851,178941,48937
,Exact counterpart ,(),1851,ŧaməǧǧaħŧ,1852,179336,48971
,Exact counterpart ,(),1852,řfəřfəř,1853,179731,48644
,Exact counterpart ,(),1853,řfəřfəř itəqqsən,1854,180126,48645
,Exact counterpart ,(),1854,ŧammənt,1855,180521,48978
,Exact counterpart ,(),1855,ssəkwā,1856,180916,48810
,Exact counterpart ,(),1856,aɣi,1857,181311,47856
,Sub-counterpart ,(),1857,aɣi asəmmam,1858,181311,47857
,Sub-counterpart ,(),1858,ađɣəs,1859,181311,47825
,Exact counterpart ,(),1859,z’z’i,1860,181706,49235
,Exact counterpart ,(),1860,kisu,1861,182101,48383
,Sub-counterpart ,(),1861,ddhən,1862,182496,48162
,Sub-counterpart ,(),1862,ŧřussi,1863,182496,49132
,Exact counterpart ,(),1863,məšruƀat’,1864,182891,48467
,Exact counterpart ,(),1864,ƀinu,1865,183681,48132
,Exact counterpart ,(),1865,aman ,(n) uđ’iř,1866,183681,47887
,Exact counterpart ,(),1866,sařƀisa,1867,184076,48746
,Exact counterpart ,(),1867,ƀirra,1868,184076,48133
,Exact counterpart ,(),1868,ššr’aƀ,1869,184471,48849
,Super-counterpart ,(),1869,ŧaməǧǧač,1870,184866,48970
,Exact counterpart ,(),1870,řmāħ,1871,185261,48668
,Exact counterpart ,(),1871,iađ’,1872,185656,48315
,Exact counterpart ,(),1872,ar’r’uđ’,1873,186051,47956
,Exact counterpart ,(),1873,axəyyađ’,1874,186446,48040
,Exact counterpart ,(),1874,řkəttan,1875,186841,48664
,Exact counterpart ,(),1875,ŧađ’ufŧ,1876,187236,48935
,Exact counterpart ,(),1876,řəqt’ən,1877,188026,48628
,Exact counterpart ,(),1877,řəħria,1878,188421,48616
,Super-counterpart ,(),1878,asřix,1879,189211,48017
,Exact counterpart ,(),1879,ššāk,1880,189606,48790
,Exact counterpart ,(),1880,ǧǧəm,1881,190001,48246
,Exact counterpart ,(),1881,đarrəz,1882,190791,48183
,Exact counterpart ,(),1882,řmāməŧ,1883,191186,48669
,Exact counterpart ,(),1883,xəyyəđ’,1884,191581,49205
,Sub-counterpart ,(),1884,isiyni,1885,191976,48354
,Super-counterpart ,(),1885,ŧisiynəfŧ,1886,191976,49099
,Exact counterpart ,(),1886,fiřu,1887,192766,48222
,Sub-counterpart ,(),1887,asəřham,1888,193556,48004
,Sub-counterpart ,(),1888,ħāš ,(1),1889,193556,48291
,Exact counterpart ,(),1889,ddfin,1890,194741,48161
,Exact counterpart ,(),1890,akəbbuđ’,1891,195136,47878
,Exact counterpart ,(),1891,ŧaqmižžat,1892,195531,48998
,Exact counterpart ,(),1892,iri ,(n) umāyuř,1893,195926,48350
,Exact counterpart ,(),1893,iməžžan n təqmižaŧ,1894,195926,48337
,Exact counterpart ,(),1894,fařd’a,1895,196321,48206
,Exact counterpart ,(),1895,ssāwař,1896,197111,48797
,Exact counterpart ,(),1896,ttqašia,1897,197506,48918
,Exact counterpart ,(),1897,ŧsiřit,1898,197901,49138
,Sub-counterpart ,(),1898,ahākus,1899,197901,47864
,Sub-counterpart ,(),1899,ssand’aliya,1900,197901,48793
,Sub-counterpart ,(),1900,čanklaŧ,1901,197901,48148
,Exact counterpart ,(),1901,řƀut’,1902,198296,48601
,Exact counterpart ,(),1902,ađ’arraf ,(n ihākusen),1903,198691,47811
,Sub-counterpart ,(),1903,ŧšaššəšŧ,1904,199086,49136
,Sub-counterpart ,(),1904,šap’p’u,1905,199086,48744
,Sub-counterpart ,(),1905,t’t’āƀuš,1906,199086,48881
,Exact counterpart ,(),1906,ŧaħəzzant,1907,199481,48961
,Exact counterpart ,(),1907,ŧaƀyasŧ,1908,199481,48930
,Exact counterpart ,(),1908,want’is’,1909,199876,49176
,Exact counterpart ,(),1909,lltam,1910,200271,48419
,Exact counterpart ,(),1910,žžib,1911,200666,49271
,Exact counterpart ,(),1911,řəqfař,1912,201061,48626
,Super-counterpart ,(),1912,ŧisiynəfŧ,1913,201456,49099
,Exact counterpart ,(),1913,āqqəm,1914,201851,47950
,Exact counterpart ,(),1914,ŧxađənt,1915,202641,49143
,Exact counterpart ,(),1915,ŧaməqyasŧ,1916,203036,48973
,Exact counterpart ,(pl. ŧisəđyin),1916,ŧasəddəšŧ,1917,203431,49014
,Exact counterpart ,(),1917,ŧađmant,1918,203826,48936
,Exact counterpart ,(),1918,ŧaxras’ŧ,1919,204221,49031
,Exact counterpart ,(),1919,ŧasəƀnəšŧ,1920,204616,49012
,Exact counterpart ,(),1920,ŧiggəsŧ,1921,205011,49077
,Exact counterpart ,(),1921,řəmħiaməŧ,1922,205406,48621
,Exact counterpart ,(),1922,řfut’a,1923,205801,48647
,Super-counterpart ,(),1923,ŧamšət’t’,1924,206196,48981
,Super-counterpart ,(),1924,ŧamšət’t’,1925,206591,48981
,Exact counterpart ,(),1925,mmuđ,1926,206986,48485
,Exact counterpart ,(),1926,qučiya,1927,207381,48582
,Exact counterpart ,(),1927,fumađ’a,1928,207776,48230
,Exact counterpart ,(),1928,s’s’aƀun,1929,208171,48728
,Exact counterpart ,(),1929,ŧisiŧ,1930,208566,49098
,Exact counterpart ,(),1930,zđəɣ,1931,208961,49243
,Exact counterpart ,(),1931,ŧaddāŧ,1932,209356,48931
,Exact counterpart ,(),1932,ŧanwač,1933,209751,48990
,Exact counterpart ,(),1933,čaƀul’a,1934,210146,48147
,Exact counterpart ,(),1934,ŧaqiđ’unt,1935,210541,48997
,Exact counterpart ,(),1935,ŧʕiššəwŧ,1936,210541,49149
,Exact counterpart ,(),1936,řəmraħ,1937,210936,48624
,Para-counterpart ,(),1937,ŧiɣā’ɣā’ŧ,1938,211726,49079
,Exact counterpart ,(),1938,řƀiŧ,1939,212516,48597
,Sub-counterpart ,(),1939,ŧɣua’fəŧ,1940,212516,49071
,Exact counterpart ,(),1940,axxam,1941,212516,48043
,Exact counterpart ,(),1941,ŧawwāŧ,1942,212911,49027
,Super-counterpart ,(),1942,akwađrun,1943,213306,47883
,Exact counterpart ,(),1943,zzəkrun,1944,213701,49263
,Exact counterpart ,(),1944,qandaw,1945,214096,48560
,Super-counterpart ,(),1945,ŧišfāŧ,1946,570386,49095
,Exact counterpart ,(),1946,řməftaħ,1947,214491,48674
,Exact counterpart ,(),1947,řkazi,1948,214886,48663
,Exact counterpart ,(),1948,ŧƀuažət,1949,214886,49062
,Super-counterpart ,(),1949,ŧammua’ŧ,1950,215281,48979
,Exact counterpart ,(),1950,řħiđ’,1951,215676,48661
,Exact counterpart ,(),1951,ŧiɣā’ɣā’ŧ,1952,216071,49079
,Exact counterpart ,(),1952,šalimu,1953,216861,48743
,Exact counterpart ,(),1953,ssəǧǧum,1954,194346,48805
,Sub-counterpart ,(),1954,řəšŧu,1955,217256,48631
,Sub-counterpart ,(),1955,qama,1956,217256,48558
,Exact counterpart ,(),1956,ŧsunta,1957,217651,49140
,Exact counterpart ,(),1957,malt’a,1958,218046,48450
,Exact counterpart ,(),1958,řkuasi,1959,218441,48665
,Exact counterpart ,(),1959,missa,1960,218836,48472
,Sub-counterpart ,(),1960,řqəndiř,1961,219231,48696
,Sub-counterpart ,(),1961,asfəđ’,1962,219231,48006
,Sub-counterpart ,(),1962,tyāna,1963,219231,48922
,Sub-counterpart ,(),1963,lamb’a,1964,219231,48396
,Exact counterpart ,(),1964,ŧšumʕətt,1965,219626,49139
,Exact counterpart ,(),1965,řmā’fəʕ,1966,220021,48667
,Exact counterpart ,(),1966,řməđwəđ,1967,220416,48673
,Exact counterpart ,(),1967,asqif,1968,220811,48013
,Exact counterpart ,(),1968,ŧaz’əqqa,1969,220811,49043
,Exact counterpart ,(),1969,ŧaħnašŧ,1970,222391,48962
,Exact counterpart ,(),1970,apilā,1971,222786,47936
,Super-counterpart ,(),1971,ŧafřəwŧ,1972,223181,48941
,Super-counterpart ,(),1972,řqəws,1973,223576,48697
,Exact counterpart ,(),1973,aƀənnay,1974,223971,47794
,Exact counterpart ,(),1974,ŧlažua’ŧ,1975,224366,49115
,Exact counterpart ,(),1975,ƀurrəs ?,1976,224761,48142
,Super-counterpart ,(),1976,šař,1977,225156,48745
,Exact counterpart ,(),1977,řəʕzib,1978,556561,48641
,Exact counterpart ,(),1978,ašrag,1979,552611,48014
,Exact counterpart ,(),1979,afəǧǧaħ,1980,225551,47835
,Exact counterpart ,(),1980,iyyā,1981,225946,48364
,Sub-counterpart ,(),1982,ŧaƀħiaŧ,1983,226341,48924
,Sub-counterpart ,(),1983,řʕās’ŧ,1984,226341,48712
,Sub-counterpart ,(),1984,žžařđ’a,1985,226341,49258
,Exact counterpart ,(),1985,ssəɣmi,1986,226736,48806
,Exact counterpart ,(),1986,afray,1987,227131,47837
,Sub-counterpart ,(),1987,aqwia,1988,227131,47954
,Exact counterpart ,(),1988,aħfua,1989,227526,47874
,Exact counterpart ,(),1989,axƀuš,1990,227526,48035
,Sub-counterpart ,(),1990,ŧāya,1991,227526,49034
,Sub-counterpart ,(),1991,řməqs’ā,1992,227526,48677
,Exact counterpart ,(),1992,šāz,1993,227921,48753
,Super-counterpart ,(),1993,ɣəz,1994,228711,48269
,Exact counterpart ,(),1994,ħfā,1995,228711,48302
,Exact counterpart ,(),1995,ŧs’appa,1996,229106,49133
,Exact counterpart ,(),1996,lƀal’a,1997,229501,48400
,Super-counterpart ,(),1997,ařiyzim,1998,229896,47965
,Sub-counterpart ,(),1998,ŧqaƀut,1999,229896,49125
,Super-counterpart ,(),1999,ŧazzāŧ,2000,230291,49056
,Super-counterpart ,(),2000,ŧazzāŧ,2001,230686,49056
,Exact counterpart ,(),2001,zāʕ,2002,231081,49241
,Exact counterpart ,(),2002,řħəbb,2003,231476,48657
,Exact counterpart ,(),2003,mžā,2004,231871,48499
,Exact counterpart ,(),2004,amžā,2005,232266,47918
,Exact counterpart ,(),2005,ssā’wəŧ,2006,232661,48788
,Exact counterpart ,(),2006,and’rā,2007,233056,47922
,Exact counterpart ,(),2007,řɣiǧǧəŧ,2008,233451,48653
,Exact counterpart ,(),2008,iađən,2009,234241,48316
,Exact counterpart ,(),2009,iməndi,2010,234636,48334
,Exact counterpart ,(),2010,d’d’ra,2011,235821,48150
,Exact counterpart ,(),2011,ar’r’uz’,2012,236216,47957
,Super-counterpart ,(),2012,arrƀiʕ,2013,236611,47973
,Exact counterpart ,(),2013,řum,2014,237006,48703
,Super-counterpart ,(),2014,nnəwwā,2015,237401,48528
,Exact counterpart ,(),2015,z’z’u,2016,237796,49236
,Super-counterpart ,(),2016,az’wā,2017,238191,48066
,Exact counterpart ,(),2017,řfāʕ,2018,238586,48643
,Exact counterpart ,(),2018,fiŧu,2019,238586,48223
,Exact counterpart ,(),2019,ŧas’ət’t’a,2020,238586,49010
,Super-counterpart ,(),2020,ŧawr’iqŧ,2021,238981,49025
,Exact counterpart ,(),2021,ŧifāšŧ,2022,238981,49075
,Exact counterpart ,(),2022,ŧanəwwašŧ,2023,239376,48957
,Exact counterpart ,(),2023,ssəžžāŧ,2024,239771,48824
,Super-counterpart ,(),2024,ŧayđa,2025,241351,49035
,Exact counterpart ,(),2025,řƀəǧǧuđ’,2026,242141,48595
,Exact counterpart ,(),2026,ŧz’ayāŧ,2027,242536,49147
,Exact counterpart ,(),2027,t’t’aƀa,2028,242931,48878
,Exact counterpart ,(),2028,kəyyəf,2029,243326,48382
,Exact counterpart ,(),2029,kəmm,2030,243326,48378
,Sub-counterpart ,(),2030,ssəƀsi,2031,243721,48802
,Exact counterpart ,(),2031,ŧiyyāŧ,2032,244116,49107
,Exact counterpart ,(),2032,aɣr’us,2033,244511,47858
,Exact counterpart ,(),2033,ŧfuaçəŧ ?,2034,244906,49066
,Exact counterpart ,(),2034,asəřɣaɣ,2035,245696,48003
,Sub-counterpart ,(),2035,ŧiz’đ’ənt,2036,246091,49108
,Sub-counterpart ,(),2036,ŧiyni,2037,246091,49106
,Exact counterpart ,(),2037,kuku,2038,246486,48389
,Sub-counterpart ,(),2038,llaymun,2039,246881,48417
,Sub-counterpart ,(),2039,lləššin,2040,246881,48418
,Sub-counterpart ,(),2040,mandarina,2041,246881,48454
,Exact counterpart ,(),2041,plat’anu,2042,247276,48554
,Exact counterpart ,(),2042,lƀanan,2043,247276,48401
,Exact counterpart ,(),2043,ŧaxsašŧ,2044,249646,49032
,Super-counterpart ,(),2044,ɣanim,2045,250041,48262
,Exact counterpart ,(),2045,ŧayzint,2046,251226,49040
,Sub-counterpart ,(),2046,aɣrum n tƀaɣřa,2047,251621,47861
,Exact counterpart ,(),2047,asənnan,2048,551426,47968
,Super-counterpart ,(),2048,ŧayđa,2049,554191,49035
,Super-counterpart ,(),2049,gg,2050,252016,48239
,Super-counterpart ,(),2050,gg,2051,575521,48239
,Exact counterpart ,(),2051,řxəđməŧ,2052,252411,48709
,Exact counterpart ,(),2052,ssfā’ɣ,2053,252806,48826
,Exact counterpart ,(),2053,đ’fəs’,2054,253201,48176
,Super-counterpart ,(),2054,qqən,2055,253596,48574
,Exact counterpart ,(),2055,šədd,2056,253596,48757
,Sub-counterpart ,(),2056,šāf,2057,253596,48742
,Super-counterpart ,(),2057,ā’xu,2058,253991,47786
,Super-counterpart ,(),2058,ssənsřəŧ,2059,254386,48815
,Sub-counterpart ,(),2059,iǧǧi,2060,254781,48326
,Sub-counterpart ,(),2060,ŧamriaŧ,2061,254781,48980
,Exact counterpart ,(),2061,asɣun,2062,254781,48007
,Exact counterpart ,(),2062,ašəddi,2063,255176,47991
,Exact counterpart ,(),2063,wwəŧ,2064,255571,49189
,Sub-counterpart ,(),2064,ssqəř,2065,255571,48848
,Super-counterpart ,(),2065,qqəs,2066,256361,48575
,Sub-counterpart ,(),2066,fři,2067,256361,48225
,Super-counterpart ,(),2067,qqəs,2068,256756,48575
,Sub-counterpart ,(),2068,fəǧǧəq,2069,257151,48214
,Sub-counterpart ,(),2069,fās,2070,257151,48207
,Sub-counterpart ,(),2070,zđəm,2071,257151,49244
,Super-counterpart ,(),2071,pikā,2072,257546,48545
,Super-counterpart ,(),2072,qqəs,2073,257546,48575
,Exact counterpart ,(),2073,wwəŧ s řmus,2074,257546,49190
,Exact counterpart ,(),2074,řmus,2075,257941,48683
,Exact counterpart ,(),2075,ŧaxəđməšŧ,2076,257941,49029
,Exact counterpart ,(),2076,ŧiməšr’ađ’,2077,258336,48959
,Exact counterpart ,(),2077,ŧiɣəndin,2078,258336,49080
,Exact counterpart ,(),2078,řəmqəss,2079,258336,48623
,Exact counterpart ,(),2079,ššaqua’,2080,258731,48795
,Super-counterpart ,(),2080,āz’,2081,259521,48061
,Exact counterpart ,(),2081,arrəz’,2082,259916,47975
,Super-counterpart ,(),2082,ƀđ’a,2083,260311,48126
,Super-counterpart ,(),2083,ɣā’s,2084,260706,48258
,Exact counterpart ,(),2084,qqās,2085,260706,48573
,Exact counterpart ,(),2085,šarrəg,2086,260706,48748
,Exact counterpart ,(),2086,azu,2087,261496,48083
,Exact counterpart ,(),2087,sřəx,2088,261496,48784
,Exact counterpart ,(),2088,ħəkk,2089,261891,48299
,Sub-counterpart ,(),2089,nħəđ,2090,261891,48514
,Exact counterpart ,(),2090,msəħ,2091,576311,48488
,Exact counterpart ,(),2091,sarrəħ,2092,262286,48749
,Exact counterpart ,(),2092,žƀəđ,2093,262681,49242
,Sub-counterpart ,(),2093,žar’r’,2094,262681,49239
,Sub-counterpart ,(),2094,ssu,2095,263076,48853
,Exact counterpart ,(),2095,ā’šəg,2096,263471,47784
,Exact counterpart ,(),2096,ayəř ,(1),2097,263471,48051
,Exact counterpart ,(Expressive formation based on bbəz’ ‘to press’.),2097,ʕəbbəz’,2098,263866,49291
,Exact counterpart ,(),2098,bbəz’,2099,263866,48110
,Exact counterpart ,(),2099,z’əmm,2100,264261,49230
,Exact counterpart ,(),2100,far’r’əɣ,2101,264656,48205
,Sub-counterpart ,(),2101,nɣəř,2102,264656,48511
,Exact counterpart ,(),2102,kəbb,2103,264656,48376
,Exact counterpart ,(),2103,ssiađ,2104,265051,48837
,Sub-counterpart ,(),2104,ssřiř,2105,265051,48850
,Sub-counterpart ,(),2105,s’əbbən,2106,265051,48722
,Exact counterpart ,(),2106,fāđ’,2107,265446,48198
,Exact counterpart ,(),2107,ŧaməđwasŧ,2108,265841,48969
,Exact counterpart ,(),2108,anəžžā,2109,266631,47929
,Exact counterpart ,(),2109,ƀna,2110,267026,48134
,Exact counterpart ,(),2110,barrəm,2111,267421,48108
,Exact counterpart ,(),2111,řmənšā’,2112,268211,48676
,Exact counterpart ,(),2112,afđ’is,2113,268606,47834
,Sub-counterpart ,(),2113,řməs’s’əŧ,2114,268606,48678
,Exact counterpart ,(),2114,aməsmia,2115,269001,47901
,Exact counterpart ,(),2115,ǧǧəssəq,2116,269396,48248
,Exact counterpart ,(),2116,amziř,2117,269791,47919
,Sub-counterpart ,(),2117,gg řqařəƀ,2118,270186,48243
,Exact counterpart ,(),2118,uaɣ,2119,271371,49151
,Exact counterpart ,(),2119,nnuqā’ŧ,2120,271766,48534
,Exact counterpart ,(),2120,nnħas,2121,272161,48531
,Super-counterpart ,(),2121,uzzař,2122,272556,49170
,Exact counterpart ,(),2122,řəxfif,2123,272951,48634
,Exact counterpart ,(),2123,aqədduħ,2124,273346,47940
,Exact counterpart ,(),2124,aqəddā,2125,273741,47939
,Super-counterpart ,(),2125,s’ənnəʕ,2126,274136,48726
,Exact counterpart ,(),2126,ŧřixŧ,2127,274531,49131
,Exact counterpart ,(),2127,zzaž,2128,274926,49260
,Exact counterpart ,(),2128,mmuđ,2129,275321,48485
,Exact counterpart ,(),2129,ŧazyawŧ,2130,275716,49055
,Sub-counterpart ,(),2130,aqƀuƀ,2131,275716,47937
,Exact counterpart ,(),2131,ažāŧiř,2132,276111,48067
,Exact counterpart ,(),2132,ŧaz’āƀəšŧ,2133,276506,49041
,Exact counterpart ,(),2133,t’appit’,2134,276506,48875
,Exact counterpart ,(),2134,ŧaħarrafŧ,2135,277296,48956
,Exact counterpart ,(),2135,ħarrəƀ,2136,277691,48289
,Super-counterpart ,(),2136,ɣəz,2137,278086,48269
,Super-counterpart ,(),2137,ŧřima,2138,279271,49130
,Exact counterpart ,(),2138,pintura,2139,279666,48549
,Exact counterpart ,(),2139,ssƀaɣa,2140,279666,48799
,Super-counterpart ,(),2140,pintā,2141,280061,48548
,Exact counterpart ,(),2141,ayəm,2142,562486,48048
,Exact counterpart ,(),2142,žiž,2143,562881,49252
,Super-counterpart ,(),2143,ŧřima,2144,555771,49130
,"Exact counterpart ,(causative derivation of mmutti “to move oneself”, which is a middle derivation from an unknown root.)",2144,smutti,2145,280456,48779
,Exact counterpart ,(),2145,qřəƀ,2146,280851,48579
,Exact counterpart ,(),2147,nnəqřəƀ,2148,281246,48527
,Exact counterpart ,(),2148,šməs,2149,281641,48777
,Exact counterpart ,(),2149,ssəqnunni,2150,282036,48819
,Exact counterpart ,(Expressive formation with Arabic loan phoneme based on the Berber root ND’ ‘roll up’.),2150,ssəħnunnəđ’,2151,282036,48807
,Exact counterpart ,(),2151,ɣđ’əř,2152,282431,48264
,Exact counterpart ,(),2152,zeyyā,2153,282826,49245
,Exact counterpart ,(),2153,kkā,2154,283221,48385
,Exact counterpart ,(),2154,ā’fəʕ,2155,283616,47783
,Exact counterpart ,(),2155,ssgəʕʕəđ,2156,283616,48829
,Exact counterpart ,(),2156,wđ’a,2157,284011,49180
,Exact counterpart ,(),2157,uđum,2158,284406,49157
,Exact counterpart ,(),2158,nd’ā,2159,284801,48500
,Exact counterpart ,(),2159,səyyəƀ,2160,284801,48769
,Sub-counterpart ,(),2160,ħri,2161,284801,48308
,Super-counterpart ,(),2161,řqa,2162,285196,48687
,Exact counterpart ,(),2162,zzəřz,2163,285591,49269
,Super-counterpart ,(),2163,azzəř,2164,285986,48090
,Exact counterpart ,(),2164,ɣđ’əs,2165,286381,48265
,Super-counterpart ,(The hyperonym fđəħ can be precized by the phrase sənnəž i waman ‘above the water’),2165,fđəħ,2166,286776,48213
,Exact counterpart ,(),2166,ʕum,2167,287171,49304
,Super-counterpart ,(The hyperonym fđəħ can be precized by the phrase đəgg waman ‘in the water’),2167,fđəħ,2168,287171,48213
,Exact counterpart ,(),2168,ɣut’t’is’,2169,287566,48277
,Exact counterpart ,(ir’ušš-iŧ s waman ‘he splashed him with water’),2169,r’ušš,2170,287961,48587
,Exact counterpart ,(),2170,đ’u,2171,288751,48180
,Sub-counterpart ,(),2171,fāfā,2172,288751,48199
,Exact counterpart ,(),2172,ssuđ’,2173,289146,48855
,Exact counterpart ,(),2173,mmuađ,2174,289541,48484
,Exact counterpart ,(),2174,qān ifaddən,2175,289936,48559
,Sub-counterpart ,(),2175,ƀāš,2176,289936,48123
,Super-counterpart ,(),2176,qiddu,2177,290331,48572
,Exact counterpart ,(Expressive formation based on other slippy LD’ terms such as Figuig lud’ “mud”.),2177,ħřuǧǧəđ,2178,290726,48310
,Exact counterpart ,(),2178,ħřuttəf,2179,290726,48311
,Exact counterpart ,(),2179,nd’u,2180,291121,48502
,Exact counterpart ,(),2180,ngəz,2181,291121,48510
,Exact counterpart ,(),2181,āšəř,2182,291516,48002
,Sub-counterpart ,(),2182,t’iřu,2183,291516,48877
,Exact counterpart ,(),2183,šđ’əħ,2184,291911,48754
,Super-counterpart ,(),2184,uyua,2185,292306,49169
,Exact counterpart ,(),2185,zəħħəf,2186,292701,49247
,Exact counterpart ,(),2186,qəžđəħ,2187,292701,48571
,Super-counterpart ,(),2187,azzəř,2188,293096,48090
,Exact counterpart ,(),2188,ruħ,2189,293491,48702
,Super-counterpart ,(),2189,aři,2190,293886,47963
,Exact counterpart ,(),2190,gəʕʕəđ,2191,293886,48238
,Super-counterpart ,(),2191,aři,2192,294281,47963
,Exact counterpart ,(),2192,hwa,2193,294676,48281
,Exact counterpart ,(),2193,đ’ā ,(2),2194,294676,48171
,Exact counterpart ,(),2194,ffəɣ,2195,295071,48218
,Exact counterpart ,(obligatorily followed by the ventive clitic _d.),2195,as,2196,295466,47984
,Super-counterpart ,(),2196,đwəř,2197,295861,48192
,Exact counterpart ,(),2197,ā’žəʕ,2198,295861,47787
,Exact counterpart ,(),2198,ʕqəƀ,2199,295861,49302
,Super-counterpart ,(),2199,uyua,2200,296256,49169
,Super-counterpart ,(),2200,sməħ,2201,296256,48776
,Super-counterpart ,(),2201,xřa,2202,296256,49206
,Super-counterpart ,(),2202,wəd’d’ā,2203,296651,49181
,Super-counterpart ,(),2203,ā’wəř,2204,297046,47785
,Super-counterpart ,(),2204,đ’fā,2205,297441,48175
,Super-counterpart ,(),2205,đ’fā,2206,297836,48175
,Exact counterpart ,(),2206,awəđ’,2207,298231,48026
,Super-counterpart ,(),2207,řəħħəg,2208,298231,48614
,Super-counterpart ,(),2208,ađəs,2209,298626,47823
,Exact counterpart ,(),2209,qarrəƀ,2210,298626,48561
,Exact counterpart ,(),2210,ađəf,2211,299021,47821
,Exact counterpart ,(),2211,āggwəħ,2212,563276,47845
,Super-counterpart ,(),2212,çsi,2213,299416,48149
,Exact counterpart ,(),2213,awi,2214,301391,48030
,Exact counterpart ,(),2214,ssəkk,2215,301786,48808
,Exact counterpart ,(),2215,gəwwəđ,2216,302181,48237
,Para-counterpart ,(),2216,ndəh,2217,302181,48503
,Super-counterpart ,(),2217,ndəh,2218,302576,48503
,Exact counterpart ,(),2218,ni,2219,302971,48515
,Exact counterpart ,(),2219,ʕān,2220,303366,49283
,Exact counterpart ,(),2220,aƀriđ,2221,303761,47799
,Exact counterpart ,(),2221,ŧaƀritt,2222,304156,48929
,Exact counterpart ,(),2222,řqəndāŧ,2223,304551,48695
,Exact counterpart ,(),2223,karru,2224,304946,48372
,Exact counterpart ,(),2224,ŧažarrat,2225,305341,49046
,Super-counterpart ,(),2225,ɣiř,2226,305736,48271
,Exact counterpart ,(),2227,aɣar’r’aƀu,2228,306526,47849
,Exact counterpart ,(),2228,ŧaɣar’r’aƀut,2229,306921,48944
,Sub-counterpart ,(),2229,fluka,2230,306921,48224
,Exact counterpart ,(),2230,imqəddəf,2231,308896,48339
,Exact counterpart ,(),2231,qəddəf,2232,309291,48566
,Exact counterpart ,(),2232,ƀul’anti,2233,309686,48138
,Exact counterpart ,(),2233,řəqřəʕ,2234,310081,48627
,Exact counterpart ,(),2234,řƀaš n řəqřəʕ,2235,310476,48593
,Super-counterpart ,(ařiyzim uɣar’r’aƀu “boat’s anchor”),2235,ařiyzim,2236,310871,47965
,Exact counterpart ,(),2236,řmuyyi,2237,311266,48685
,Exact counterpart ,(),2237,arrimā,2238,311661,47978
,Super-counterpart ,(),2238,ɣā ,(1),2239,312056,48254
,Super-counterpart ,(),2239,çsi,2240,312846,48149
,Sub-counterpart ,(),2240,kkəs,2241,312846,44171
,Exact counterpart ,(),2241,t’t’əf,2242,313241,48889
,Exact counterpart ,(),2242,šəbbā,2243,313636,48755
,Super-counterpart ,(),2243,xəmməř,2244,314426,49202
,Exact counterpart ,(),2244,řħažəŧ,2245,314821,48656
,Exact counterpart ,(),2245,əwš,2246,315216,43577
,Super-counterpart ,(),2246,arr,2247,315611,47967
,Super-counterpart ,(),2247,xəmməř,2248,316006,49202
,Exact counterpart ,(),2248,sarrƀa,2249,316796,48747
,Super-counterpart ,(),2249,āz’,2250,317191,48061
,Exact counterpart ,(),2250,āddəž,2251,317191,47807
,Exact counterpart ,(),2251,žāħ,2252,317586,49238
,Exact counterpart ,(),2252,ssəndəf,2253,317586,48814
,Exact counterpart ,(),2253,yzəm,2254,317586,49226
,Exact counterpart ,(),2254,đ’arr,2255,571176,48173
,Sub-counterpart ,(),2255,fəttəš,2256,317981,48215
,Super-counterpart ,(),2256,āzu,2257,317981,48084
,Exact counterpart ,(),2257,af,2258,318376,47828
,Super-counterpart ,(),2258,wəd’d’ā,2259,318771,49181
,Super-counterpart ,(),2259,đ’řəq,2260,319166,48179
,Super-counterpart ,(),2260,ā’xu,2261,319166,47786
,Exact counterpart ,(),2261,řəfřus,2262,319561,48608
,Exact counterpart ,(),2262,ŧinʕašin,2263,319561,49090
,Exact counterpart ,(),2263,ttmənyaŧ,2264,319561,48917
,Super-counterpart ,(),2264,s’s’āf,2265,319956,48729
,Exact counterpart ,(),2265,təžžā,2266,320351,48903
,Exact counterpart ,(),2266,řməskin,2267,320746,48679
,Sub-counterpart ,(),2267,aməz’řuđ’,2268,320746,47906
,Exact counterpart ,(),2268,aməsʕi,2269,321141,47903
,Exact counterpart ,(),2269,aqəzzaz,2270,321536,47948
,Exact counterpart ,(),2270,piyisa,2271,321536,48552
,Super-counterpart ,(),2271,āđ’əř,2272,321931,47815
,Super-counterpart ,(),2272,āđ’əř,2273,322326,47815
,Exact counterpart ,(),2273,t’t’ās’,2274,322721,48885
,Exact counterpart ,(),2274,amā’was,2275,323116,47885
,Exact counterpart ,(),2275,xəǧǧəs’,2276,323511,49200
,Exact counterpart ,(),2276,řeħsaƀ,2277,323906,48602
,Exact counterpart ,(),2277,ddariƀa,2278,324301,48153
,Exact counterpart ,(),2278,šra,2279,324696,48783
,Exact counterpart ,(),2279,paɣa,2280,325091,48542
,Exact counterpart ,(),2280,řmunəŧ,2281,325091,48682
,Exact counterpart ,(),2281,səddā,2282,325486,48758
,Exact counterpart ,(),2282,āƀəħ,2283,325486,47792
,Exact counterpart ,(),2283,ħra,2284,325486,48307
,Exact counterpart ,(),2284,s’əɣ,2285,325881,48724
,Sub-counterpart ,(),2285,ažžu,2286,325881,48091
,Exact counterpart ,(),2286,zzənz,2287,326276,49267
,Exact counterpart ,(),2287,sawəm,2288,326671,48752
,Exact counterpart ,(),2288,at’ižari,2289,327066,48020
,Exact counterpart ,(),2289,ssuq,2290,327461,48857
,Super-counterpart ,(),2290,ŧħanətt,2291,327856,49072
,Exact counterpart ,(),2291,ttaman,2292,328251,48909
,Exact counterpart ,(),2292,ɣřa,2293,328646,48275
,Exact counterpart ,(),2293,āxəs’,2294,329041,48038
,Super-counterpart ,(),2294,ƀđ’a,2295,329436,48126
,Exact counterpart ,(),2295,wzən,2296,329831,49193
,Super-counterpart ,(),2296,awān ,(i),2297,330226,48024
,Super-counterpart ,(),2297,awān ,(i),2298,330621,48024
,Super-counterpart ,(),2298,đi,2299,577496,48188
,Super-counterpart ,(),2299,ɣā ,(1),2300,500076,48254
,Exact counterpart ,(),2300,t’t’āf ,(i),2301,331016,48882
,Exact counterpart ,(),2301,s wadday,2302,331411,48720
,Exact counterpart ,(),2302,qƀəř ,(i),2303,331806,48563
,Super-counterpart ,(),2303,zzaŧ ,(i),2304,332201,49259
,Super-counterpart ,(),2304,đi,2305,332596,48188
,Exact counterpart ,(),2305,ƀarra,2306,332991,48121
,Exact counterpart ,(),2306,adu,2307,333386,47808
,Exact counterpart ,(),2307,ggw žənna,2308,333781,48251
,Exact counterpart ,(),2308,s nnəž ,(i),2309,571571,48718
,Exact counterpart ,(),2309,amšan,2310,334176,47914
,Super-counterpart ,(),2310,ssās,2311,334966,48796
,Super-counterpart ,(),2311,qqim,2312,335361,48576
,Exact counterpart ,(),2312,zzəř,2313,335756,49268
,Exact counterpart ,(Expressive formation on the basis of zzəř ‘lie down’.),2313,bbuzzəř,2314,335756,48111
,Exact counterpart ,(),2314,ƀədd,2315,336151,48128
,Super-counterpart ,(),2315,qqim,2316,336546,48576
,Super-counterpart ,(),2316,ssmun,2317,337336,48845
,Exact counterpart ,(),2317,žməʕ,2318,337336,49254
,Exact counterpart ,(),2318,yāw,2319,337336,49212
,Sub-counterpart ,(),2319,ħāwəš,2320,337731,48294
,Exact counterpart ,(),2320,řqəđ’,2321,337731,48692
,Super-counterpart ,(),2321,ssmun,2322,338521,48845
,Sub-counterpart ,(),2322,ssəřsəq,2323,338521,48822
,Exact counterpart ,(),2323,ssməřqa,2324,338521,48844
,Exact counterpart ,(),2324,fā’q,2325,338916,48197
,Exact counterpart ,(),2325,fs’əř,2326,338916,48227
,Super-counterpart ,(),2326,ƀđ’a,2327,338916,48126
,Super-counterpart ,(),2327,fāz,2328,338916,48212
,Sub-counterpart ,(),2328,fān,2329,338916,48203
,Super-counterpart ,(),2329,ƀđ’a,2330,339311,48126
,Exact counterpart ,(),2330,āz’əm,2331,339706,48062
,Exact counterpart ,(),2331,bəlləʕ,2332,340101,48112
,Super-counterpart ,(),2332,qqən,2333,340101,48574
,Exact counterpart ,(),2333,đəř,2334,340496,48186
,Exact counterpart ,(),2334,ssnuffā,2335,340891,48846
,Super-counterpart ,(),2335,aʕřa,2336,341286,48105
,Super-counterpart ,(the translation ‘be low’ only applied to the stative reading of the Perfective.),2336,ađā,2337,341681,47817
,Exact counterpart ,(),2337,ŧqiššit,2338,342076,49126
,Exact counterpart ,(),2338,ŧisi,2339,342471,49096
,Super-counterpart ,(),2339,anəggaru,2340,342866,47925
,Super-counterpart ,(),2340,qđ’əʕ,2341,343261,48565
,Super-counterpart ,(),2341,aɣəzđis,2342,343656,47855
,Super-counterpart ,(),2342,aɣəzđis,2343,344051,47855
,Exact counterpart ,(),2343,řwəs’ŧ,2344,344446,48708
,Exact counterpart ,(),2344,afusi,2345,344841,47840
,Exact counterpart ,(),2345,yəffus,2346,344841,49214
,Exact counterpart ,(),2346,az’əřmađ’,2347,345236,48063
,Exact counterpart ,(),2347,z’əřməđ’,2348,345236,49231
,Exact counterpart ,(),2348,ađəs,2349,345631,47823
,Exact counterpart ,(),2349,ggwəž,2350,346026,48252
,Exact counterpart ,(),2350,ššāq,2351,346421,48794
,Exact counterpart ,(),2351,řɣāƀ,2352,346816,48650
,Exact counterpart ,(),2352,ššamal,2353,347211,48792
,Exact counterpart ,(),2353,lžanuƀ,2354,347606,48437
,Sub-counterpart ,(),2354,ɣmi,2355,348001,48274
,Exact counterpart ,(),2355,ymi,2356,348001,49224
,Exact counterpart ,(),2356,mɣā,2357,348001,48468
,Exact counterpart ,(possibly an Imperfective),2357,ggam,2358,348001,48244
,Exact counterpart ,(),2358,ʕƀā’,2359,348396,49288
,Super-counterpart ,(),2359,aməqqr’an,2360,349186,47898
,Super-counterpart ,(),2360,aməz’z’yan,2361,349581,47908
,Exact counterpart ,(),2361,aməʕnan,2362,349581,47911
,Super-counterpart ,(),2362,aziyrā,2363,349976,48079
,Super-counterpart ,(),2363,aziyrā,2364,350371,48079
,Exact counterpart ,(),2364,aquđ’ađ’,2365,350766,47952
,Exact counterpart ,(),2365,miriw,2366,351161,48471
,Exact counterpart ,(),2366,ħsā,2367,351556,48312
,Exact counterpart ,(),2367,gđā,2368,351951,48236
,Exact counterpart ,(),2368,azđađ,2369,352346,48034
,Exact counterpart ,(),2369,aǧǧəɣ,2370,352741,47843
,Super-counterpart ,(řəƀħā yuʕřa ‘the sea is shallow’),2370,aʕřa,2371,353136,48105
,"Para-counterpart ,(this phrase is not lexicalized; it should be regarded a logical counterpart ,(based on a relationship of antonyms), rather than as a translation of ‘shallow’.)",2371,aǧǧəɣ,2372,353136,47843
,Exact counterpart ,(),2372,wat’a,2373,353531,49178
,Super-counterpart ,(ŧasəttit ŧruħ nišan ‘the line is straight ,(lit. the line goes straighly)’),2373,nišan,2374,353926,48520
,Exact counterpart ,(),2374,fā’ɣ,2375,354321,48196
,Exact counterpart ,(),2375,fāyəđ’,2376,354321,48210
,Exact counterpart ,(),2376,ŧas’ənnāŧ,2377,354716,49009
,Exact counterpart ,(),2377,ŧaɣmā’ŧ,2378,355111,48951
,Para-counterpart ,(),2378,kruši,2379,355506,48386
,Exact counterpart ,(),2379,muř’əbbəʕ,2380,355901,48493
,Exact counterpart ,(),2380,aquřay,2381,356296,47953
,Exact counterpart ,(),2381,ŧaquřašŧ,2382,356691,49001
,Exact counterpart ,(),2382,ŧšamma,2383,357086,49135
,Exact counterpart ,(),2383,ƀalun,2384,357086,48120
,Exact counterpart ,(),2384,ašarriđ’,2385,357481,47990
,Exact counterpart ,(),2385,ŧas’ettit,2386,357481,49008
,Exact counterpart ,(),2386,aħfua,2387,357876,47874
,Exact counterpart ,(),2387,axƀuš,2388,357876,48035
,Exact counterpart ,(),2388,šaƀəh,2389,358271,48741
,Exact counterpart ,(),2389,āwəs,2390,358271,48027
,Exact counterpart ,(),2390,ƀəddəř,2391,358666,48129
,Exact counterpart ,(),2391,ziru,2392,359061,49217
,Sub-counterpart ,(),2392,ižžən,2393,359456,48370
,Sub-counterpart ,(),2393,ištən,2394,359456,48358
,Exact counterpart ,(),2394,ŧnayən,2395,359851,49122
,Exact counterpart ,(),2395,ŧřaŧa,2396,360246,49128
,Exact counterpart ,(),2396,āƀʕa,2397,360641,47804
,Exact counterpart ,(),2397,xəmsa,2398,361036,49204
,Exact counterpart ,(),2398,sətta,2399,361431,48767
,Exact counterpart ,(),2399,səƀʕa,2400,361826,48756
,Exact counterpart ,(),2400,ŧmənya,2401,362221,49119
,Exact counterpart ,(),2401,tsʕa,2402,362616,48907
,Exact counterpart ,(),2402,ʕəšr’a,2403,363011,49295
,Exact counterpart ,(),2403,ħiđ’ʕaš,2404,363406,48304
,Exact counterpart ,(),2404,ŧənʕaš’,2405,363801,49064
,Exact counterpart ,(),2405,xəmməzt’aš,2406,364196,49203
,Exact counterpart ,(),2406,ʕišrin,2407,364591,49301
,Exact counterpart ,(),2407,mya,2408,364986,48498
,Exact counterpart ,(),2408,ařəf,2409,365381,47959
,Exact counterpart ,(),2409,t’awəz,2410,365381,48876
,Exact counterpart ,(),2410,ħsəƀ,2411,365776,48313
,Exact counterpart ,(),2411,marra,2412,366171,48457
,Super-counterpart ,(),2412,at’t’as,2413,366566,48021
,"Exact counterpart ,(nəšš ɣari kŧaa zzayəs ‘I have more than he’, ɣari liƀřawaŧ kŧaa zzayək ‘I have more books than you’)",2413,kŧā,2414,366961,48387
,Exact counterpart ,(nəšš mahu xas ‘I am more than he’),2415,mahu,2416,366961,48449
,Exact counterpart ,(ɣari đrus n lkutuƀ ‘I have few books’ ɣari đrus-ŧ ‘I have only few’; uđrusən ‘they are few’),2416,đrus,2417,367356,48191
,Super-counterpart ,(),2417,xarrəbbi,2418,367751,49197
,Exact counterpart ,(ša n liƀřawaŧ ‘some books’),2418,ša ,(n),2419,368146,48738
,Exact counterpart ,(),2419,ahim’uř,2420,368541,47866
,Exact counterpart ,(),2420,ššua,2421,368936,48854
,Exact counterpart ,(),2421,ʕəmmā’,2422,368936,49292
,Exact counterpart ,(),2422,xwa,2423,369331,49210
,Sub-counterpart ,(),2423,awəzwiz,2424,571966,48029
,Sub-counterpart ,(),2424,murs’u,2425,571966,48494
,Exact counterpart ,(),2425,azyən,2426,370121,48085
,Exact counterpart ,(ɣia wanita i yəǧǧan ‘there is only  this one’),2426,ɣia,2427,370516,48270
,Exact counterpart ,(wanita i yəǧǧan waha ‘there is only this one’),2427,waha,2428,370516,49174
,Exact counterpart ,(ħaša wanita i yəǧǧan ‘there is only this one’),2428,ħaša,2429,370516,48293
,Exact counterpart ,(followed by a pronominal element),2429,wəħđ-,2430,572361,49182
,Exact counterpart ,(),2430,aməzwaru,2431,370911,47909
,Super-counterpart ,(),2431,anəggaru,2432,371306,47925
,Exact counterpart ,(),2432,wis ŧnayen,2433,371701,49187
,Exact counterpart ,(),2433,ŧyuya,2434,372096,49146
,Exact counterpart ,(),2434,māŧayən,2435,372491,48463
,Exact counterpart ,(),2435,wis ŧřaŧa,2436,372886,49188
,Exact counterpart ,(),2436,ŧřaŧa ,(n) imuan,2437,373281,49129
,Exact counterpart ,(),2437,řwəqŧ,2438,373676,48707
,Super-counterpart ,(),2438,řqədd,2439,374071,48691
,Exact counterpart ,(ɣari t’t’umuƀin đ žžđiđ ‘I have a new car’; t’t’umuƀin n žžđiđ ŧəxs’ā ‘my new car is broken’),2439,žžđiđ,2440,374466,49262
,Super-counterpart ,(),2440,aməz’z’yan,2441,374861,47908
,Super-counterpart ,(),2441,aməqqr’an,2442,375256,47898
,Exact counterpart ,(),2442,awəssā,2443,375256,48028
,Exact counterpart ,(),2443,ziš,2444,375651,49251
,Super-counterpart ,(),2444,řəxx=u,2445,376441,48637
,Super-counterpart ,(),2445,řəxx=u,2446,376836,48637
,Super-counterpart ,(),2446,đəɣya,2447,376836,48185
,Super-counterpart ,(),2447,s ŧazzřa,2448,376836,48719
,Super-counterpart ,(),2448,đəɣya,2449,377231,48185
,Super-counterpart ,(),2449,s ŧazzřa,2450,377231,48719
,Exact counterpart ,(),2450,šway šway,2451,377626,48871
,Exact counterpart ,(),2451,qəǧǧəq,2452,378021,48569
,Exact counterpart ,(),2452,ʕət’t’ā,2453,378416,49296
,Exact counterpart ,(),2453,ƀđa,2454,378811,48127
,Exact counterpart ,(),2454,kumasa,2455,378811,48391
,Exact counterpart ,(),2455,ssənti,2456,378811,48816
,Exact counterpart ,(),2456,ƀəddu,2457,572756,48130
,Super-counterpart ,(),2457,kk,2458,379206,48384
,Super-counterpart ,(),2458,anəggaru,2459,379601,47925
,Exact counterpart ,(),2459,kəmməř,2460,379996,48379
,Exact counterpart ,(),2460,ssƀədd,2461,380391,48800
,Exact counterpart ,(),2461,wžəđ,2462,380786,49192
,Exact counterpart ,(),2462,řəƀđa,2463,381181,48603
,Super-counterpart ,(),2463,at’t’as,2464,381576,48021
,Exact counterpart ,(),2464,ša n marraŧ,2465,381971,48739
,Super-counterpart ,(),2465,đəɣya,2466,382366,48185
,Super-counterpart ,(),2466,at’t’as,2467,382761,48021
,"Exact counterpart ,(not a lexicalized expression, it seems)",2467,lmudda t taməqqrant,2468,382761,48428
,Exact counterpart ,(ʕəmmās wā d-usin ‘they have never come’),2468,ʕəmmās,2469,383156,49293
,Exact counterpart ,(),2469,ŧanya,2470,383551,48991
,Exact counterpart ,(),2470,ʕawəđ ,(2),2471,383551,49285
,Exact counterpart ,(),2471,nnhā,2472,383946,48529
,Exact counterpart ,(),2472,nhā,2473,573151,48512
,Exact counterpart ,(),2473,ǧǧiřəŧ,2474,384341,48249
,Super-counterpart ,(),2474,řəfžā,2475,384736,48609
,Exact counterpart ,(),2475,s’s’ƀəħ,2476,385131,48730
,Exact counterpart ,(),2476,azyən n nnhā,2477,385526,48086
,Exact counterpart ,(),2477,aʕəšši,2478,385921,48101
,Exact counterpart ,(),2478,ŧaməddiŧ,2479,386316,48968
,Exact counterpart ,(),2479,nnhar=a,2480,386711,48530
,Exact counterpart ,(),2480,ŧiwəšša,2481,387106,49104
,"Exact counterpart ,(historically derived from a prepositional phrase: đəffā wəyšša ‘beyond tomorrow’, featuring a form of ‘tomorrow’ not in use in Iqerâiyen Riffian.)",2481,fāwišša,2482,387501,48209
,Exact counterpart ,(),2482,iđ’ənnađ’,2483,387896,48319
,Exact counterpart ,(historically derived from a prepositional phrase: đəffā  yiđ’ənnađ’ ‘beyond yesterday’.),2483,fāyiđ’ənnađ’,2484,388291,48211
,Super-counterpart ,(),2484,ŧsaʕətt,2485,388686,49137
,Super-counterpart ,(),2485,ŧsaʕətt,2486,389081,49137
,Exact counterpart ,(),2486,simana,2487,389476,48773
,Exact counterpart ,(),2487,řħədd ,(1),2488,389871,48658
,Exact counterpart ,(),2488,řəŧnayən,2489,390266,48632
,Exact counterpart ,(),2489,ttřaŧa,2490,390661,48919
,Exact counterpart ,(),2490,řāƀʕa,2491,391056,48588
,Exact counterpart ,(),2491,řəxmis,2492,391451,48635
,Exact counterpart ,(),2492,žžəmʕa,2493,391846,49264
,Exact counterpart ,(),2493,ssəfŧ,2494,392241,48804
,Exact counterpart ,(),2494,ššhā,2495,392636,48832
,Exact counterpart ,(),2495,asəggwas,2496,393031,47994
,Exact counterpart ,(),2496,řməšŧa,2497,393426,48680
,Super-counterpart ,(),2497,arrƀiʕ,2498,393821,47973
,Super-counterpart ,(),2498,řəxrif,2499,394216,48636
,Exact counterpart ,(),2499,anəƀđu,2500,394216,47924
,Super-counterpart ,(),2500,řəxrif,2501,394611,48636
,Super-counterpart ,(),2501,ttfuħ,2502,395401,48911
,Exact counterpart ,(),2502,nəffəħ,2503,396191,48506
,Super-counterpart ,(),2503,šəmm ,(2),2504,396586,48763
,Exact counterpart ,(),2504,gg arriħŧ,2505,396586,48241
,Super-counterpart ,(),2505,ttfuħ,2506,396981,48911
,Exact counterpart ,(P: uřs’uđ’),2506,ās’uđ’,2507,397376,47986
,Exact counterpart ,(),2507,đyəs ttiƀəŧ,2508,397771,48193
,Exact counterpart ,(),2508,miz’iđ’,2509,398166,48473
,Exact counterpart ,(),2509,aməǧǧaħ,2510,398561,47892
,Exact counterpart ,(),2510,amāz’ag,2511,398956,47889
,Exact counterpart ,(),2511,asəmmam,2512,399351,47998
,Exact counterpart ,(),2512,aman iƀā’wən,2513,399746,47888
,Exact counterpart ,(),2513,səř,2514,400141,48766
,Exact counterpart ,(),2514,ssħəss,2515,400536,48834
,Exact counterpart ,(),2515,řħəss,2516,400931,48660
,Super-counterpart ,(),2516,žhəđ,2517,401326,49250
,Super-counterpart ,(),2517,ssqā,2518,401721,48847
,Super-counterpart ,(),2518,t’t’rankiř,2519,401721,48893
,"Exact counterpart ,(mostly in Imperfective, while Zaa mostly in Perfective)",2519,wařa,2520,402116,49177
,Exact counterpart ,(),2520,z’ā,2521,402116,49227
,Exact counterpart ,(),2521,xzā,2522,402511,49211
,Exact counterpart ,(),2522,ssšən,2523,402906,48851
,Para-counterpart ,(),2523,āɣ,2524,403301,47847
,Sub-counterpart ,(probably an Imperfective tantum),2524,ttissiq,2525,403301,48915
,Exact counterpart ,(),2525,kulur,2526,404091,48390
,Super-counterpart ,(),2526,fsəs,2527,404486,48228
,Exact counterpart ,(),2527,ħđ’əq,2528,404881,48296
,Exact counterpart ,(),2528,ašəmřař,2529,405276,48000
,Exact counterpart ,(),2529,aƀāršan,2530,405671,47790
,Exact counterpart ,(),2530,azəggwaɣ,2531,406066,48071
,Super-counterpart ,(),2531,aziyza,2532,406461,48080
,Super-counterpart ,(),2532,aziyza,2533,406856,48080
,Exact counterpart ,(),2533,arrƀiʕi,2534,406856,47974
,Exact counterpart ,(),2534,awr’aɣ,2535,407251,48032
,Exact counterpart ,(),2535,ħađa,2536,407646,48286
,Exact counterpart ,(),2536,šwi,2537,408041,48872
,Exact counterpart ,(ušiɣ ak ... “I felt xxx”),2537,aša,2538,408436,47987
,Super-counterpart ,(),2538,qsəħ,2539,408831,48580
,Exact counterpart ,(),2539,āđ’əƀ,2540,409226,47813
,Exact counterpart ,(),2540,aħā’šaw,2541,409621,47867
,Exact counterpart ,(),2541,ařəqqaɣ,2542,410016,47960
,Super-counterpart ,(),2542,qđ’əʕ,2543,410411,48565
,Exact counterpart ,(),2543,ħfa,2544,410806,48301
,Exact counterpart ,(),2544,đqəř,2545,411201,48190
,Super-counterpart ,(),2545,fsəs,2546,411596,48228
,Exact counterpart ,(),2546,uff,2547,411991,49158
,Exact counterpart ,(),2547,azəɣ,2548,412386,48072
,Super-counterpart ,(),2548,āɣ,2549,412781,47847
,Exact counterpart ,(),2549,ħma,2550,413176,48306
,Super-counterpart ,(),2550,asəmmađ’,2551,413571,47997
,Exact counterpart ,(),2551,aməzđag,2552,413966,42939
,Exact counterpart ,(),2552,wəssəx,2553,414361,49186
,Exact counterpart ,(),2553,marrəɣ,2554,414361,48458
,Exact counterpart ,(),2554,ššəƀřəq,2555,395796,48801
,Exact counterpart ,(),2555,arruħ,2556,414756,47982
,Exact counterpart ,(),2556,ttəƀhəŧ,2557,415151,48910
,Exact counterpart ,(),2557,šwarti,2558,415546,48870
,Exact counterpart ,(),2558,ssəʕđ,2559,415546,48825
,Exact counterpart ,(),2559,fāħ,2560,416336,48200
,Exact counterpart ,(),2560,đ’ħəš,2561,416731,48177
,Exact counterpart ,(),2561,ssfianən,2562,417126,48827
,Exact counterpart ,(),2562,irā,2563,417521,48345
,Super-counterpart ,(),2563,əxs,2564,417916,43948
,Exact counterpart ,(),2564,ssuđəm,2565,418311,48856
,Exact counterpart ,(),2565,đarrəʕ,2566,418706,48184
,Exact counterpart ,(),2566,řəħriq,2567,419101,48617
,Exact counterpart ,(),2567,ħzən,2568,419496,48314
,Exact counterpart ,(),2568,amnus,2569,419891,47913
,Exact counterpart ,(),2569,ndəm,2570,420286,48504
,Exact counterpart ,(izziǧǧəz-ayi ‘I pity him ,(lit. he inspires pity to me)’),2570,zziǧǧəz,2571,420681,49272
,Exact counterpart ,(),2571,ru,2572,421076,48701
,Exact counterpart ,(),2572,amət’t’a,2573,421471,47904
,Exact counterpart ,(),2573,šā’h,2574,422261,48740
,Super-counterpart ,(đayi žžnun ‘I am angry’),2574,žžnun,2575,422656,49275
,Exact counterpart ,(),2575,marrɣa,2576,422656,48459
,Exact counterpart ,(),2576,ŧismin,2577,423051,49100
,Exact counterpart ,(),2577,řəħsađ,2578,423051,48618
,Exact counterpart ,(),2578,ɣarr,2579,423051,48263
,Exact counterpart ,(),2579,asəđħi,2580,423446,47992
,Exact counterpart ,(cf. ššənʕəŧ ‘pride’),2580,šnəʕ,2581,423841,48781
,Exact counterpart ,(),2581,zʕəm,2582,424236,49280
,Exact counterpart ,(),2582,azəʕʕam,2583,424631,48075
,Exact counterpart ,(),2583,ŧiggwđi,2584,425026,49078
,Exact counterpart ,(),2584,lxat’ař,2585,425421,48435
,Super-counterpart ,(),2585,əxs,2586,425816,43948
,Super-counterpart ,(),2586,āzu,2587,425816,48084
,Exact counterpart ,(),2587,ixđ’ā,2588,426211,48363
,Exact counterpart ,(),2588,ssiŧəm,2589,426606,48841
,Exact counterpart ,(),2589,ttmənna,2590,426606,48916
,Exact counterpart ,(),2590,s’s’əħħ,2591,427396,48732
,Exact counterpart ,(),2591,ŧiđətt,2592,427396,49074
,Exact counterpart ,(),2592,ssxar’r’əq,2593,427791,48860
,Exact counterpart ,(),2593,aɣar’r’i,2594,428186,47850
,Exact counterpart ,(),2594,ʕfu,2595,428581,49298
,Super-counterpart ,(),2595,sməħ,2596,428581,48776
,Super-counterpart ,(),2596,šən,2597,428976,48765
,Super-counterpart ,(),2597,s’ƀəħ,2598,428976,48721
,Super-counterpart ,(),2598,aʕəffan,2599,429371,48096
,Super-counterpart ,(),2599,wā yəħři,2600,429371,49172
,Super-counterpart ,(),2600,nišan,2601,429766,48520
,"Exact counterpart ,(the normal expression would be a negation of nišan ‘right, correct’)",2601,ɣalat’,2602,430161,48260
,Super-counterpart ,(),2602,falta,2603,430556,48201
,Super-counterpart ,(),2603,ƀuqqā,2604,430556,48141
,Super-counterpart ,(),2604,ɣřəđ’,2605,430556,48276
,Super-counterpart ,(),2605,ɣlət’,2606,430556,48272
,Super-counterpart ,(),2606,falta,2607,430951,48201
,Exact counterpart ,(),2607,đ’řəm,2608,431346,48178
,Exact counterpart ,(),2608,šəkkā,2609,431741,48760
,Super-counterpart ,(),2609,s’ƀəħ,2610,432136,48721
,Super-counterpart ,(),2610,šən,2611,432136,48765
,Exact counterpart ,(),2611,šəwwā,2612,432136,48768
,Super-counterpart ,(),2612,aʕəffan,2613,432531,48096
,Super-counterpart ,(),2613,wā yəħři,2614,432531,49172
,Sub-counterpart ,(),2614,řəmməz’,2615,432926,48622
,Exact counterpart ,(),2615,miɣis,2616,433321,48469
,Exact counterpart ,(đay-əs ŧiɣiŧ),2616,ŧiɣiŧ,2617,433321,49082
,Exact counterpart ,(),2617,řƀař,2618,433716,48592
,Super-counterpart ,(),2618,řəʕqəř,2619,433716,48640
,Sub-counterpart ,(),2619,xəmməm,2620,434111,49201
,Exact counterpart ,(),2620,pins’ā,2621,434111,48547
,Sub-counterpart ,(),2621,xarrəs,2622,434111,49198
,Super-counterpart ,(always followed by an Indirect Object clitic),2622,tɣiř,2623,434506,48904
,Exact counterpart ,(),2623,amən,2624,434901,47894
,Para-counterpart ,(),2624,tiqq,2625,434901,48905
,Exact counterpart ,(),2625,fhəm,2626,435296,48219
,Exact counterpart ,(),2626,ssən,2627,435691,48813
,Exact counterpart ,(),2627,kašəf,2628,436086,48374
,Exact counterpart ,(),2628,ʕəyyəƀ,2629,436481,49297
,Exact counterpart ,(possibly Imperfective tantum; itƀan-ayi-d ixwa ‘it seems empty to me’),2629,tƀan,2630,436876,48901
,Exact counterpart ,(),2630,lfikra,2631,437271,48403
,Super-counterpart ,(ɣā-s řəʕqəř ‘he is wise ,(lit. he has intelligence)’),2631,řəʕqəř,2632,437666,48640
,Exact counterpart ,(),2632,aqəffuħ,2633,438061,47941
,Exact counterpart ,(),2633,aƀuhaři,2634,438456,47803
,Exact counterpart ,(),2634,řməđ,2635,438851,48672
,Sub-counterpart ,(),2635,ħfəđ’,2636,438851,48303
,Super-counterpart ,(),2636,ɣā ,(2),2637,439246,48255
,Exact counterpart ,(),2637,ssɣā,2638,439641,48830
,Exact counterpart ,(),2638,ssəřməđ,2639,439641,48821
,Exact counterpart ,(),2639,aməħđ’ā,2640,440036,47893
,Exact counterpart ,(),2640,lmuʕəllim,2641,440431,48430
,Exact counterpart ,(),2641,ŧamziyđa,2642,440826,48984
,Exact counterpart ,(),2642,lmədras’a,2643,440826,48426
,Sub-counterpart ,(),2643,ssəkwila,2644,440826,48811
,Exact counterpart ,(),2644,ʕqəř,2645,441221,49303
,Exact counterpart ,(),2645,ttu,2646,441616,48920
,Super-counterpart ,(),2646,fāz,2647,442011,48212
,Exact counterpart ,(),2647,siɣur’u,2648,443196,48772
,Exact counterpart ,(),2648,ulaƀudd,2649,443196,49159
,Exact counterpart ,(),2649,ssəfhəm,2650,443591,48803
,Exact counterpart ,(),2650,šarrəħ,2651,443591,48750
,Exact counterpart ,(),2651,řɣar’ađ,2652,443986,48652
,Exact counterpart ,(),2652,řəsƀaƀ,2653,444381,48629
,Exact counterpart ,(),2653,ššəkk,2654,444776,48809
,Exact counterpart ,(),2654,tahəm,2655,445171,48898
,Exact counterpart ,(),2655,ɣđā,2656,445566,48266
,Exact counterpart ,(),2656,ħđaž,2657,445961,48297
,Exact counterpart ,(),2657,hwən,2658,446356,48282
,Super-counterpart ,(),2658,qsəħ,2659,446751,48580
,Super-counterpart ,(),2659,wʕā’,2660,446751,49194
,Exact counterpart ,(),2660,pr’uƀā,2661,447146,48555
,Exact counterpart ,(),2661,qəǧǧəƀ,2662,447146,48568
,Exact counterpart ,(),2662,ʕayā,2663,447146,49287
,Exact counterpart ,(),2663,t’t’ariqa,2664,447541,48884
,Super-counterpart ,(),2664,đ,2665,447936,48169
,Exact counterpart ,(),2665,u,2666,447936,49150
,Exact counterpart ,(),2666,puř’ki,2667,448331,48557
,Exact counterpart ,(),2667,s minzi,2668,448331,48717
,Exact counterpart ,(),2668,l’axat’ā,2669,448331,48393
,Exact counterpart ,(),2669,mařa,2670,448726,48456
,Exact counterpart ,(),2670,niɣ,2671,449121,48517
,Exact counterpart ,(),2671,wah,2672,449516,49173
,Exact counterpart ,(),2672,lla,2673,449911,48415
,Exact counterpart ,(),2673,maməš,2674,450306,48451
,Super-counterpart ,(),2674,məšħař,2675,450701,48466
,Super-counterpart ,(),2675,məšħař,2676,451096,48466
,Exact counterpart ,(),2676,min,2677,451491,48470
,Exact counterpart ,(),2677,məřmi,2678,451886,48465
,Exact counterpart ,(),2678,mani,2679,452281,48455
,Exact counterpart ,(),2679,man,2680,452676,48453
,Exact counterpart ,(),2680,wi,2681,453071,45220
,Exact counterpart ,(),2681,mayəmmi,2682,453466,48464
,Exact counterpart ,(),2682,maɣā,2683,453466,48448
,Super-counterpart ,(),2683,ŧmižža,2684,453861,49120
,Exact counterpart ,(),2684,s’s’ut,2685,453861,48734
,Exact counterpart ,(),2685,ɣənnəž,2686,454256,48268
,Super-counterpart ,(),2686,ssɣuyy,2687,454651,48831
,Sub-counterpart ,(),2687,žəʕžəʕ,2688,454651,49249
,Exact counterpart ,(),2688,təmtəm,2689,455046,48902
,Exact counterpart ,(),2689,s’əffā,2690,455836,48723
,Super-counterpart ,(),2690,ssɣuyy,2691,456231,48831
,Super-counterpart ,(),2691,ssɣuyy,2692,456626,48831
,Exact counterpart ,(),2692,ssiwəř,2693,457021,48842
,Exact counterpart ,(),2693,nnəɣnəɣ,2694,457416,48525
,Exact counterpart ,(),2694,ini,2695,457811,48343
,Super-counterpart ,(),2695,ʕawəđ ,(1),2696,458206,49284
,Exact counterpart ,(),2696,lxut’ƀa,2697,458601,48436
,Exact counterpart ,(),2697,ssqā,2698,458996,48847
,Super-counterpart ,(),2698,awař,2699,459391,48025
,Exact counterpart ,(),2699,lluɣa,2700,459391,48420
,Super-counterpart ,(),2700,awař,2701,459786,48025
,Exact counterpart ,(),2701,isəm,2702,460181,48352
,Exact counterpart ,(),2702,ssəqsa,2703,460576,48820
,Super-counterpart ,(),2703,arr,2704,460971,47967
,Exact counterpart ,(),2704,wažəƀ,2705,460971,49179
,Exact counterpart ,(),2705,nʕəm,2706,461366,48540
,Exact counterpart ,(),2706,nkā,2707,461761,48521
,Exact counterpart ,(),2707,ttā,2708,462156,48908
,Exact counterpart ,(),2708,ʕahəđ,2709,462551,49282
,Exact counterpart ,(),2709,agi,2710,462946,47846
,Exact counterpart ,(),2710,ħar’r’əm,2711,463341,48288
,Exact counterpart ,(),2711,řaɣa,2712,464131,48589
,Exact counterpart ,(),2712,səmma,2713,464526,48764
,Exact counterpart ,(),2713,ƀarrəħ,2714,464921,48122
,Exact counterpart ,(),2714,hudd,2715,465316,48280
,Exact counterpart ,(),2715,gānəz,2716,465711,48233
,Exact counterpart ,(),2716,ari,2717,466106,47962
,Super-counterpart ,(),2717,ɣā ,(2),2718,466501,48255
,Exact counterpart ,(),2718,řšiɣəđ’,2719,466896,48700
,Super-counterpart ,(),2719,ŧawr’iqŧ,2720,466896,49025
,Sub-counterpart ,(),2720,stilu,2721,467291,48865
,Sub-counterpart ,(),2721,lappis,2722,467291,48399
,Exact counterpart ,(),2722,lkitaƀ,2723,467686,48414
,Exact counterpart ,(),2723,ššaʕiř,2724,468081,48798
,Para-counterpart ,(),2724,aməđyaz,2725,468081,47891
,Exact counterpart ,(),2725,ŧamža,2726,468476,48983
,Sub-counterpart ,(),2726,dəřbuga,2727,468871,48168
,Sub-counterpart ,(),2727,t’t’ƀəř,2728,468871,48886
,Sub-counterpart ,(onomatopoea),2728,t’amt’am,2729,468871,48874
,Sub-counterpart ,(),2729,ƀuwaššawən,2730,469266,48146
,Super-counterpart ,(),2730,ŧammua’ŧ,2731,470056,48979
,Exact counterpart ,(),2731,ŧandint,2732,470846,48986
,Exact counterpart ,(),2732,ddšā’,2733,471241,48165
,Exact counterpart ,(),2733,řħədd ,(2),2734,471636,48659
,Exact counterpart ,(),2734,iwđan,2735,472031,48361
,Sub-counterpart ,(),2735,ŧāfiqŧ,2736,472426,48939
,Super-counterpart ,(),2736,amɣā,2737,472821,47912
,Exact counterpart ,(),2737,aʕəkkaz,2738,473216,48097
,Exact counterpart ,(),2738,ŧaɣɣašŧ,2739,473216,48950
,Super-counterpart ,(),2739,ħkəm,2740,473611,48305
,Exact counterpart ,(),2740,đ’əbbā,2741,473611,48174
,Exact counterpart ,(),2741,ažəǧǧiđ,2742,474006,48069
,Exact counterpart ,(),2742,lmalik,2743,474006,48423
,Exact counterpart ,(),2743,ŧažəǧǧitt,2744,474401,49048
,Exact counterpart ,(),2744,lmalika,2745,474401,48424
,Exact counterpart ,(),2745,lmuwat’in,2746,475191,48429
,Exact counterpart ,(),2746,siđi,2747,475586,48770
,Sub-counterpart ,(),2747,isməɣ,2748,475981,48355
,Sub-counterpart ,(),2748,ŧayya,2749,475981,49037
,Exact counterpart ,(),2749,axəddam,2750,476376,48036
,Exact counterpart ,(),2750,aħur’r’i,2751,476771,47876
,Super-counterpart ,(),2751,đ’řəq,2752,539576,48179
,Super-counterpart ,(),2752,ā’xu,2753,539576,47786
,Exact counterpart ,(),2753,amā’,2754,477166,47884
,Exact counterpart ,(),2754,gg array,2755,477561,48240
,Exact counterpart ,(),2755,səlləm,2756,477956,48761
,Exact counterpart ,(),2756,aməddukəř,2757,478351,47890
,Exact counterpart ,(),2757,řəʕđu,2758,478746,48639
,Exact counterpart ,(),2758,ažžā’,2759,479141,48087
,Exact counterpart ,(),2759,aƀarrani,2760,479536,47789
,Exact counterpart ,(),2760,anəwži,2761,479931,47928
,Exact counterpart ,(),2761,ʕāđ‘,2762,539971,49281
,Exact counterpart ,(),2762,ʕawən,2763,480721,49286
,Exact counterpart ,(),2763,mnəʕ,2764,481116,48486
,Exact counterpart ,(),2764,ssənžəm,2765,481116,48817
,Exact counterpart ,(),2765,lʕađa,2766,481511,48442
,Exact counterpart ,(),2766,amənɣi,2767,481906,47895
,Exact counterpart ,(),2767,ŧaməʕmuč,2768,482301,48976
,Exact counterpart ,(),2768,msəřqa,2769,482696,48489
,Exact counterpart ,(),2769,mməřqa,2770,482696,48475
,Exact counterpart ,(),2770,ŧaqəħƀəšŧ,2771,483091,48994
,Exact counterpart ,(),2771,řqəħƀa,2772,483091,48694
,Exact counterpart ,(),2772,mmnəɣ,2773,483486,48483
,Exact counterpart ,(),2773,řħāƀ,2774,483881,48654
,Exact counterpart ,(),2774,garra,2775,483881,48234
,Exact counterpart ,(),2775,ssalam,2776,484276,48791
,Exact counterpart ,(),2776,řʕəskā,2777,484671,48714
,Exact counterpart ,(),2777,amxazni,2778,485066,47916
,Exact counterpart ,(),2778,aʕəskari,2779,485066,48098
,Exact counterpart ,(),2779,řəsnaħ,2780,485461,48630
,Exact counterpart ,(),2780,ddəbbuz,2781,485856,48155
,Super-counterpart ,(),2781,řqəws,2782,487041,48697
,Exact counterpart ,(),2782,ŧiššəwŧ,2783,487436,49102
,Exact counterpart ,(),2783,lansa,2784,487831,48398
,Exact counterpart ,(),2784,ssif ,(2),2785,488226,48839
,Exact counterpart ,(),2785,ŧazwišŧ,2786,488621,49054
,Sub-counterpart ,(),2786,aziđan,2787,488621,48078
,Sub-counterpart ,(),2787,řəkřat’a,2788,488621,48620
,Sub-counterpart ,(),2788,afuši,2789,488621,47841
,Exact counterpart ,(),2789,kasku,2790,489411,48375
,Super-counterpart ,(),2790,uzzař,2791,489806,49170
,Exact counterpart ,(),2791,ŧaqsəfŧ,2792,490201,48999
,Sub-counterpart ,(),2792,lʕimara ?,2793,490596,48446
,Exact counterpart ,(),2793,arrƀəħ,2794,490991,47972
,Super-counterpart ,(),2794,ŧaxəs’s’āŧ,2795,491386,49030
,Exact counterpart ,(),2795,hžəm,2796,491781,48284
,Exact counterpart ,(),2796,ħāš ,(2),2797,491781,48292
,Exact counterpart ,(),2797,ddafəʕ,2798,492176,48152
,Super-counterpart ,(),2798,ā’wəř,2799,492571,47785
,Exact counterpart ,(),2799,twasləm,2800,492966,48921
,Exact counterpart ,(),2800,anəħƀus,2801,493361,47927
,Exact counterpart ,(),2801,aʕəssas,2802,493756,48100
,Super-counterpart ,(),2802,anday,2803,494546,47923
,Exact counterpart ,(),2803,aƀəħri,2804,494941,47793
,Super-counterpart ,(),2804,ŧas’ənnāŧ,2805,495336,49009
,Exact counterpart ,(),2805,pilun,2806,495731,48546
,Exact counterpart ,(),2806,ŧrašša,2807,496126,49127
,Super-counterpart ,(),2807,ymā,2808,497311,49223
,Exact counterpart ,(),2808,wwəŧ s uqāt’as’,2809,497706,49191
,Exact counterpart ,(),2809,xđ’ā,2810,498101,49199
,Exact counterpart ,(),2810,ŧaxšəfŧ,2811,498496,49033
,Exact counterpart ,(),2811,řfəxx,2812,498496,48646
,Exact counterpart ,(),2812,ndi,2813,498891,48505
,Exact counterpart ,(),2813,řqanun,2814,499286,48690
,Exact counterpart ,(),2814,řməħkama,2815,499681,48675
,Super-counterpart ,(),2815,ħkəm,2816,500471,48305
,Exact counterpart ,(),2816,řəħkam,2817,500866,48615
,Exact counterpart ,(),2817,řqađ’i,2818,501261,48689
,Exact counterpart ,(),2818,wənni ittəđʕan,2819,501656,49185
,Exact counterpart ,(),2819,wənni istəđʕan,2820,502051,49184
,Super-counterpart ,(),2820,ššahəđ,2821,502446,48789
,Exact counterpart ,(),2821,žžaǧǧ,2822,502841,49257
,Exact counterpart ,(),2822,ŧžaǧǧiŧ,2823,503236,49148
,Exact counterpart ,(),2823,gg imi đi ...,2824,503631,48242
,Super-counterpart ,(),2824,ħkəm,2825,504026,48305
,Super-counterpart ,(),2825,ā’xu,2826,504816,47786
,Super-counterpart ,(),2826,đ’řəq,2827,504816,48179
,Exact counterpart ,(),2827,lʕiqaƀ,2828,506001,48447
,Exact counterpart ,(),2828,mult’a,2829,506396,48492
,Exact counterpart ,(),2829,aƀrus’s’i,2830,506396,47801
,Exact counterpart ,(),2830,řəħƀəs,2831,506791,48613
,Exact counterpart ,(),2831,ŧamənɣawŧ,2832,507186,48972
,Exact counterpart ,(),2832,zzina,2833,507581,49273
,Exact counterpart ,(),2833,řəfʕəř,2834,507976,48610
,Exact counterpart ,(),2834,ašā,2835,509161,47988
,Exact counterpart ,(),2835,axəwwan,2836,509556,48039
,Exact counterpart ,(),2836,ašəffā’,2837,509556,47993
,Exact counterpart ,(),2837,ddin,2838,509951,48163
,Exact counterpart ,(),2838,siđi ā’bbi,2839,510346,48771
,Exact counterpart ,(),2839,l’l’ah,2840,510346,48394
,Exact counterpart ,(),2840,lkanisa,2841,573546,48412
,Super-counterpart ,(),2841,ŧamziyđa,2842,573546,48984
,Exact counterpart ,(),2842,glisiya,2843,573546,48253
,Super-counterpart ,(),2843,ŧamziyđa,2844,573941,48984
,Super-counterpart ,(),2844,ŧɣās’ŧ,2845,511531,49069
,Exact counterpart ,(),2845,ʕƀəđ,2846,511926,49289
,Exact counterpart ,(),2846,z’z’aǧǧ,2847,512321,49234
,Para-counterpart ,(),2847,lfaqi,2848,512716,48402
,Exact counterpart ,(),2848,qəddəs,2849,513111,48567
,Exact counterpart ,(),2849,ħəddəŧ,2850,513506,48298
,Sub-counterpart ,(),2850,xt’əƀ,2851,513506,49209
,Exact counterpart ,(),2851,ƀāk,2852,513901,48119
,Exact counterpart ,(),2852,nʕəř,2853,514296,48541
,Exact counterpart ,(),2853,z’um,2854,514691,49233
,Exact counterpart ,(),2854,lžənnəŧ,2855,515086,48440
,Exact counterpart ,(),2855,žahannama,2856,515481,49237
,Sub-counterpart ,(),2856,ʕifrit,2857,515876,49300
,Exact counterpart ,(),2857,lʔas’nam,2858,516271,48441
,Exact counterpart ,(),2858,ssħua,2859,516666,48835
,Sub-counterpart ,(),2859,asəħħā,2860,517061,47995
,Sub-counterpart ,(),2860,lʕaqisa,2861,517061,48445
,Sub-counterpart ,(),2861,žžənn,2862,517851,49265
,Sub-counterpart ,(),2862,ʕifrit,2863,517851,49300
,Exact counterpart ,(),2863,lʕalama,2864,518246,48443
,Exact counterpart ,(),2864,iməxŧan,2865,553401,48335
,Exact counterpart ,(),2865,arrađ’yu,2866,518641,47970
,Exact counterpart ,(),2866,ttiliƀizyun,2867,519036,48912
,Exact counterpart ,(),2867,ttilifun,2868,519431,48913
,Exact counterpart ,(),2868,bašklit,2869,538786,48109
,Exact counterpart ,(),2869,muƀila,2870,519826,48490
,Exact counterpart ,(),2870,quči,2871,520221,48581
,Exact counterpart ,(),2871,t’t’umuƀin,2872,520221,48895
,Sub-counterpart ,(),2872,t’t’uƀis,2873,520616,48894
,Sub-counterpart ,(),2873,lkař,2874,520616,48413
,Super-counterpart ,(),2874,mašina,2875,536416,48460
,Exact counterpart ,(),2875,t’t’iyara,2876,521011,48891
,Exact counterpart ,(),2876,trisinti,2877,521406,48906
,Exact counterpart ,(),2877,kwarinti,2878,521406,48392
,Super-counterpart ,(),2878,ŧaz’ruŧ,2879,521801,49045
,Exact counterpart ,(),2879,fřina,2880,537206,48226
,Exact counterpart ,(),2880,mut’ua,2881,537996,48496
,Super-counterpart ,(),2881,mašina,2882,538391,48460
,Exact counterpart ,(),2882,lpitrul,2883,537601,48431
,Exact counterpart ,(),2883,s’pit’ā,2884,522196,48727
,Exact counterpart ,(),2884,ŧaxəddant n s’pit’ā,2885,522591,49028
,Exact counterpart ,(),2885,řəknina,2886,522986,48619
,Exact counterpart ,(),2886,pas’t’iya,2887,522986,48543
,Super-counterpart ,(),2887,ŧisiynəfŧ,2888,523381,49099
,Exact counterpart ,(),2888,nnwađ’ā,2889,531676,48536
,Exact counterpart ,(),2889,lməxzən,2890,525356,48427
,Exact counterpart ,(),2890,arrayəs,2891,525751,47971
,Exact counterpart ,(),2891,řwazia,2892,526146,48705
,Exact counterpart ,(),2892,lwaziř,2893,526146,48433
,Exact counterpart ,(),2893,pulisiya,2894,526541,48556
,Exact counterpart ,(),2894,piřmi,2895,526936,48551
,Exact counterpart ,(),2895,matrikula,2896,540366,48462
,Exact counterpart ,(),2896,lizđiyaŧ,2897,536811,48411
,Exact counterpart ,(),2897,lžarima,2898,527331,48439
,Exact counterpart ,(),2898,lintixaƀ,2899,527726,48410
,Exact counterpart ,(),2899,landris,2900,535626,48397
,Exact counterpart ,(),2900,nnumr’u,2901,536021,48533
,Exact counterpart ,(),2901,zzənqəŧ,2902,539181,49266
,Super-counterpart ,(),2902,ŧaƀrat,2903,528121,48926
,Exact counterpart ,(),2903,siyyu,2904,528516,48774
,Exact counterpart ,(),2904,tambā,2905,528516,48899
,Super-counterpart ,(),2905,ŧaƀrat,2906,528911,48926
,Exact counterpart ,(),2906,kartpustal,2907,540761,48373
,Exact counterpart ,(),2907,řbanku,2908,529306,48590
,Exact counterpart ,(),2908,ŧasəbbač,2909,523776,49011
,Exact counterpart ,(),2909,llaƀaƀu,2910,524171,48416
,Exact counterpart ,(),2910,bitəlma,2911,524566,48113
,Exact counterpart ,(),2911,payas,2912,524961,48544
,Exact counterpart ,(),2912,ŧaqədduħŧ,2913,529701,48993
,Exact counterpart ,(),2913,ƀulun,2914,530096,48139
,Exact counterpart ,(),2914,t’urnifis,2915,530491,48868
,Exact counterpart ,(),2915,ŧazəyyat,2916,530886,49050
,Exact counterpart ,(),2916,ħalawit,2917,531281,48287
,Exact counterpart ,(),2917,plastik,2918,532071,48553
,Exact counterpart ,(),2918,řƀumba,2919,532466,48600
,Super-counterpart ,(),2919,ŧħanətt,2920,532861,49072
,Exact counterpart ,(),2920,garru,2921,533256,48235
,Exact counterpart ,(),2921,lžariđa,2922,535231,48438
,Exact counterpart ,(),2922,žžuanal,2923,535231,49276
,Exact counterpart ,(),2923,llumiya,2924,533651,48421
,Exact counterpart ,(),2924,lfiləm,2925,534046,48405
,Exact counterpart ,(),2925,pirikula,2926,534046,48550
,Exact counterpart ,(),2926,muziqa,2927,534441,48497
,Exact counterpart ,(),2927,aɣənniž,2928,534836,47852
,Exact counterpart ,(),2928,ddisku,2929,534836,48164
,Exact counterpart ,(),2929,atay,2930,545896,48022
,Exact counterpart ,(),2930,řqəhwa,2931,546291,48693
,Exact counterpart ,(),2931,iři,2932,541156,48349
,Super-counterpart ,(),2932,đwəř,2933,541551,48192
,Exact counterpart ,(),2933,đħa,2934,541551,48187
,Exact counterpart ,(),2934,ƀřa,2935,541946,48136
,Exact counterpart ,(),2935,akəđ,2936,577101,47879
,Super-counterpart ,(šuq  / ʕđu ‘to go through’),2936,đi,2937,542341,48188
,Exact counterpart ,(),2937,wā,2938,543131,49171
,Exact counterpart ,(),2938,=a,2939,543526,47782
,Sub-counterpart ,(),2939,=in,2940,543921,48340
,Sub-counterpart ,(),2940,=ənni,2941,543921,48194
,Exact counterpart ,(),2941,đa,2942,544316,48182
,Exact counterpart ,(),2942,đin,2943,544711,48189
,Exact counterpart ,(),2943,nnəɣni,2944,545106,48526
,Exact counterpart ,(),2944,wənni d yusin,2945,546686,49183
,Exact counterpart ,(),2945,walu,2946,574336,49175
